src_bytes,dst_bytes,duration,service,protocol_type,serror_rate,srv_serror_rate,logged_in,count,label
8234,421,4.52,other,tcp,0.08,0.07,1,33,Normal
8424,541,0.84,ssh,icmp,0.92,0.99,0,310,Attack
8439,3232,0.61,ssh,tcp,0.85,0.92,0,308,Attack
275,218,1.13,http,tcp,0.07,0.05,1,19,Normal
172,959,4.13,dns,tcp,0.02,0.04,0,27,Normal
244,977,4.48,dns,udp,0.03,0.02,1,1,Normal
175,184,2.56,dns,udp,0.05,0.02,1,12,Normal
352,550,4.72,dns,tcp,0.09,0.06,0,26,Normal
447,104,0.74,dns,tcp,0.02,0.01,1,49,Normal
971,500,0.64,other,icmp,0.5,0.95,0,225,Attack
9467,3423,0.02,other,icmp,0.62,0.87,0,372,Attack
680,3342,0.79,other,icmp,0.66,0.96,0,356,Attack
127,358,2.29,ftp,tcp,0.03,0.08,1,9,Normal
520,3944,0.62,http,icmp,0.87,0.7,0,469,Attack
5883,2014,0.76,ssh,udp,0.79,0.51,0,306,Attack
342,234,1.93,ftp,udp,0.06,0.05,1,27,Normal
9334,965,0.67,http,tcp,0.59,0.79,0,249,Attack
222,542,2.31,ftp,tcp,0.05,0.04,1,39,Normal
357,749,4.25,other,udp,0.01,0.05,1,43,Normal
307,517,1.52,dns,tcp,0.05,0.06,1,41,Normal
208,479,4.48,http,tcp,0.07,0.04,1,23,Normal
5176,1408,0.37,ssh,tcp,0.84,0.78,0,122,Attack
412,687,1.53,http,tcp,0.07,0.02,1,17,Normal
455,276,3.9,dns,tcp,0.01,0.09,0,9,Normal
3874,4840,0.78,other,udp,1,0.61,0,160,Attack
5997,2996,0.19,other,udp,0.65,0.89,0,380,Attack
4990,708,0.11,http,tcp,0.63,0.67,0,496,Attack
437,687,4.92,http,udp,0.07,0.03,0,7,Normal
4151,1108,0.89,other,tcp,0.62,0.94,0,174,Attack
9455,3954,0.39,other,udp,0.85,0.71,0,403,Attack
2277,3677,0.71,ssh,tcp,0.79,0.5,0,240,Attack
476,988,0.55,http,udp,0.07,0.04,0,29,Normal
457,882,1.08,dns,tcp,0.07,0.07,0,49,Normal
198,121,0.73,http,tcp,0.01,0.05,0,19,Normal
351,229,1.38,ftp,tcp,0.06,0.07,1,3,Normal
4422,3762,0.42,http,tcp,0.71,0.77,0,202,Attack
436,119,3.3,ftp,udp,0.07,0.05,0,25,Normal
1880,483,0.86,http,udp,0.65,0.69,0,367,Attack
264,432,1.54,dns,udp,0.03,0.07,1,39,Normal
6284,3629,0.29,ftp_control,udp,0.72,0.59,0,268,Attack
5296,564,0.63,ssh,udp,0.81,0.88,0,303,Attack
192,932,4.71,other,tcp,0.06,0.05,1,27,Normal
3007,1034,0.42,http,icmp,0.56,0.59,0,440,Attack
7368,1081,0.75,ssh,tcp,0.99,0.89,0,314,Attack
180,338,1.93,other,udp,0.08,0.1,0,9,Normal
449,107,1.44,http,tcp,0.01,0.06,1,29,Normal
9877,71,0.07,ftp_control,icmp,0.61,0.86,0,470,Attack
3517,2187,0.1,ssh,icmp,0.8,0.57,0,476,Attack
87,709,1.15,http,udp,0.03,0.05,0,13,Normal
87,202,1.15,dns,udp,0.1,0.07,0,36,Normal
1154,3933,0.74,http,tcp,0.54,0.63,0,207,Attack
4822,926,0.87,ssh,udp,0.82,0.88,0,447,Attack
364,286,1.43,http,udp,0.1,0.08,1,33,Normal
294,271,0.58,dns,udp,0.09,0.03,1,6,Normal
417,120,4.29,other,tcp,0.06,0.01,1,42,Normal
8875,1299,0.67,ssh,icmp,0.69,0.52,0,472,Attack
452,653,3.01,http,tcp,0.04,0.09,0,8,Normal
264,480,2.53,http,tcp,0.02,0.05,0,49,Normal
403,415,1.54,ftp,udp,0.1,0.08,1,46,Normal
451,431,3.53,ftp,tcp,0,0.1,0,31,Normal
2866,2895,0.37,ssh,udp,0.95,0.95,0,204,Attack
6087,3254,0.84,ssh,icmp,0.7,0.84,0,246,Attack
8348,4517,0.65,ssh,udp,0.73,0.94,0,323,Attack
323,213,2.42,other,tcp,0.1,0.01,0,47,Normal
8386,4495,0.51,http,udp,0.73,0.74,0,264,Attack
4962,323,0.49,ssh,tcp,0.58,0.53,0,200,Attack
479,451,3.34,http,tcp,0.07,0.06,0,36,Normal
158,555,3.72,http,tcp,0.08,0.03,0,27,Normal
151,125,1.11,other,tcp,0.02,0.07,0,27,Normal
5412,3854,0.83,ssh,tcp,0.67,0.73,0,130,Attack
183,199,4.84,dns,udp,0.03,0.06,1,15,Normal
7795,2041,0.86,ssh,icmp,0.68,0.59,0,197,Attack
145,143,4.46,ftp,tcp,0.08,0.01,1,18,Normal
469,833,4.37,dns,tcp,0,0.05,1,32,Normal
134,2927,0.91,http,tcp,0.7,0.93,0,387,Attack
3003,2068,0.21,ssh,tcp,1,0.55,0,299,Attack
8187,4203,0.46,ssh,tcp,0.75,0.89,0,398,Attack
152,786,1.52,http,udp,0.09,0.02,1,40,Normal
453,731,2.49,http,tcp,0.03,0.01,0,2,Normal
491,847,2.69,http,tcp,0.02,0.08,1,46,Normal
169,761,2.38,http,tcp,0.06,0.08,0,23,Normal
395,220,4.71,other,udp,0.05,0.04,1,27,Normal
7744,3999,0.91,http,tcp,0.56,0.72,0,494,Attack
2722,1526,0.96,http,tcp,0.58,0.55,0,329,Attack
2168,4700,0.06,other,tcp,0.87,0.55,0,462,Attack
460,777,2.98,dns,udp,0.05,0.06,1,30,Normal
9480,3844,0.35,ssh,tcp,0.6,0.84,0,320,Attack
5859,1501,0.89,other,tcp,0.62,0.6,0,122,Attack
203,632,3.57,other,tcp,0.03,0.02,1,25,Normal
356,178,1.57,http,udp,0.1,0.06,1,44,Normal
9249,2407,0.09,ssh,tcp,0.7,0.8,0,404,Attack
459,798,4.3,dns,udp,0.03,0.05,0,38,Normal
215,662,4.48,ftp,tcp,0,0.07,1,19,Normal
277,235,2.94,other,udp,0,0.02,1,7,Normal
393,296,2.72,http,tcp,0.08,0.08,1,14,Normal
7064,3257,0.44,other,udp,0.98,0.85,0,312,Attack
549,1321,0.39,http,tcp,0.98,1,0,259,Attack
173,334,4.95,dns,udp,0.09,0.09,1,14,Normal
3672,1627,0.76,ssh,tcp,0.77,0.98,0,372,Attack
215,294,3.83,dns,tcp,0.06,0.02,1,21,Normal
469,832,2.63,http,tcp,0.05,0.01,1,42,Normal
434,930,4.86,http,tcp,0.05,0.04,1,26,Normal
7846,4655,0.24,other,tcp,0.84,0.87,0,342,Attack
180,300,3.63,http,tcp,0.09,0.06,0,19,Normal
4592,752,0.39,other,tcp,0.58,0.6,0,124,Attack
491,108,1.39,dns,tcp,0.07,0.06,0,29,Normal
5963,588,0.91,other,tcp,0.77,0.85,0,296,Attack
8787,1664,0.73,http,icmp,0.79,0.97,0,415,Attack
551,3060,0.29,ftp_control,tcp,0.58,0.74,0,494,Attack
102,447,3.57,http,udp,0.07,0.03,0,13,Normal
326,440,0.52,dns,udp,0.02,0.02,1,37,Normal
262,800,3.65,ftp,tcp,0.04,0.05,1,25,Normal
103,278,0.99,ftp,udp,0.09,0.1,0,27,Normal
322,340,3.23,ftp,tcp,0.1,0.08,1,39,Normal
160,941,4.44,http,tcp,0,0.01,0,48,Normal
282,243,4.88,http,udp,0.02,0.08,1,11,Normal
243,293,3.9,ftp,udp,0.02,0.1,0,1,Normal
128,705,4.7,http,udp,0.06,0.03,1,24,Normal
388,403,3.14,other,udp,0.07,0.08,1,20,Normal
207,418,0.68,ftp,tcp,0.07,0.04,1,3,Normal
181,197,2.86,http,tcp,0.05,0.09,1,8,Normal
1956,3603,0.82,other,tcp,0.69,0.61,0,219,Attack
2135,1322,0.15,other,tcp,0.54,0.57,0,147,Attack
4532,1509,0.32,ssh,tcp,0.86,0.74,0,295,Attack
5325,340,0.64,ftp_control,udp,0.79,0.98,0,320,Attack
121,906,4.46,http,tcp,0.01,0.07,1,17,Normal
2439,2818,0.67,other,tcp,0.58,0.73,0,172,Attack
82,813,1.51,dns,tcp,0.03,0.02,1,34,Normal
158,673,1.49,http,udp,0.09,0.1,0,15,Normal
281,180,2.38,dns,udp,0.06,0.07,1,49,Normal
485,269,2.34,http,udp,0.04,0.04,1,39,Normal
205,918,2.84,dns,tcp,0.04,0.1,1,35,Normal
1316,2727,0.34,http,tcp,0.63,0.65,0,459,Attack
174,678,2.19,http,tcp,0.04,0.01,1,34,Normal
7021,465,0.61,ssh,tcp,0.94,0.87,0,376,Attack
186,464,4.99,other,tcp,0.03,0,0,4,Normal
237,227,4.63,http,udp,0.03,0.01,0,35,Normal
1368,732,0.86,ftp_control,icmp,0.95,0.77,0,490,Attack
147,1245,0.5,ssh,tcp,0.59,0.7,0,200,Attack
4222,4992,0.83,http,tcp,0.7,0.8,0,147,Attack
8768,703,0.72,other,tcp,0.85,0.83,0,359,Attack
1489,838,0.53,ssh,icmp,0.73,0.82,0,224,Attack
1816,3676,0.81,other,tcp,0.84,0.96,0,350,Attack
139,225,4.91,dns,tcp,0.05,0.04,1,48,Normal
9877,3659,0.88,http,udp,0.68,0.77,0,229,Attack
469,872,1.38,http,tcp,0.09,0.06,0,21,Normal
115,727,1.14,http,tcp,0.02,0.07,0,30,Normal
408,1244,0.98,ftp_control,tcp,0.91,0.77,0,210,Attack
7368,1093,0.28,http,udp,0.74,0.89,0,167,Attack
94,934,1.95,http,tcp,0.07,0.04,1,49,Normal
2174,2418,0.73,ssh,tcp,0.73,0.68,0,203,Attack
248,965,4.4,http,tcp,0.02,0.01,1,27,Normal
4989,3058,0.81,http,udp,0.75,0.98,0,438,Attack
234,191,0.54,dns,udp,0.02,0.06,0,1,Normal
132,333,2.4,http,tcp,0.09,0.08,1,34,Normal
415,631,4.65,ftp,tcp,0.09,0.03,0,12,Normal
237,528,3.97,other,udp,0.09,0.04,1,34,Normal
55,549,0.79,http,tcp,0.02,0.08,1,1,Normal
754,455,0.1,http,tcp,0.57,0.68,0,373,Attack
1452,3631,0.85,other,tcp,0.6,0.61,0,110,Attack
167,235,2.3,http,tcp,0.06,0.03,1,4,Normal
1099,1257,0.44,ssh,tcp,0.91,0.88,0,430,Attack
106,945,0.56,other,tcp,0.07,0.02,0,9,Normal
255,838,2.98,http,udp,0.08,0.09,0,30,Normal
9167,4082,0.33,other,tcp,0.5,0.77,0,109,Attack
7971,2298,0.24,other,icmp,0.83,0.77,0,179,Attack
460,576,4.21,ftp,tcp,0.05,0.09,1,19,Normal
263,339,2.22,other,tcp,0.02,0.09,1,40,Normal
9256,2643,0.45,other,icmp,0.96,0.59,0,440,Attack
310,987,1.83,ftp,udp,0.09,0.07,1,24,Normal
8197,4080,0.67,other,tcp,0.6,0.91,0,461,Attack
399,918,1.89,other,tcp,0.01,0.04,1,16,Normal
78,996,3.78,http,tcp,0.08,0.03,1,47,Normal
254,860,3.76,dns,udp,0.09,0.05,1,42,Normal
463,3083,0.71,other,tcp,0.58,0.56,0,448,Attack
103,432,1.02,http,udp,0,0.03,1,31,Normal
3324,2208,0.99,ssh,icmp,0.57,0.75,0,157,Attack
377,945,3.92,http,tcp,0.03,0.09,0,19,Normal
111,917,2.15,http,tcp,0.08,0.08,1,36,Normal
2530,1202,0.15,ssh,udp,0.57,0.71,0,448,Attack
475,644,4.49,dns,tcp,0.1,0.02,0,36,Normal
7564,3581,0.18,ssh,tcp,0.98,0.87,0,140,Attack
3066,4115,0.88,http,tcp,0.53,0.88,0,432,Attack
8749,2134,0.2,http,udp,0.85,0.77,0,451,Attack
205,192,1.33,ftp,tcp,0.09,0.01,1,4,Normal
151,600,3.06,http,tcp,0.02,0.1,1,8,Normal
493,659,3.22,ftp,tcp,0.03,0.02,0,3,Normal
3008,564,0.21,other,tcp,0.97,0.86,0,406,Attack
242,878,4.87,http,tcp,0.05,0.03,0,44,Normal
22,2503,0.06,ftp_control,tcp,0.61,0.58,0,226,Attack
466,517,1.59,other,tcp,0.07,0.06,0,36,Normal
311,243,2.2,dns,tcp,0.07,0.07,0,41,Normal
352,188,1.67,http,tcp,0.07,0.01,1,9,Normal
324,707,0.77,http,tcp,0.01,0.08,1,39,Normal
3501,2860,0.09,http,icmp,0.66,0.71,0,222,Attack
2322,2710,0.4,other,udp,0.91,0.55,0,387,Attack
8103,751,0.35,other,tcp,0.55,0.86,0,126,Attack
288,853,3.31,http,udp,0.09,0.06,1,30,Normal
128,151,2.06,http,udp,0.02,0.02,1,26,Normal
322,849,3.78,dns,tcp,0.04,0.02,1,40,Normal
222,183,3.62,other,tcp,0.04,0.01,0,35,Normal
52,191,1.54,ftp,udp,0.01,0.08,1,31,Normal
9181,845,0.56,ssh,tcp,0.61,0.56,0,477,Attack
356,614,1.42,http,udp,0.03,0.08,1,2,Normal
144,446,4.84,http,tcp,0.1,0.07,1,3,Normal
103,816,3.21,http,tcp,0.02,0.1,1,22,Normal
335,162,4.62,ftp,tcp,0.09,0.06,0,14,Normal
90,100,4.26,http,udp,0.04,0.04,1,43,Normal
9074,3202,0.96,other,tcp,0.85,0.74,0,404,Attack
2020,2454,0.14,other,tcp,0.93,0.75,0,432,Attack
367,360,1.33,ftp,tcp,0.06,0.03,1,15,Normal
159,721,1.26,dns,udp,0.08,0.05,0,15,Normal
279,618,1.1,ftp,tcp,0,0.09,1,4,Normal
7336,2415,0.71,ssh,udp,1,0.6,0,441,Attack
260,132,1.4,http,udp,0.08,0.04,1,8,Normal
477,392,1.68,http,tcp,0.05,0.06,1,18,Normal
1986,2712,0.6,other,tcp,0.79,0.99,0,343,Attack
162,730,2.7,dns,tcp,0.02,0.1,1,17,Normal
6255,1662,0.68,ssh,tcp,0.7,0.77,0,445,Attack
278,299,4.47,http,tcp,0.02,0.02,1,37,Normal
9861,3324,0.55,ssh,tcp,0.84,0.58,0,279,Attack
213,156,4.74,dns,udp,0.09,0.02,1,10,Normal
1951,4764,0.54,ssh,tcp,0.71,1,0,425,Attack
106,731,1.79,ftp,tcp,0.01,0.03,0,18,Normal
369,271,3.48,dns,tcp,0.05,0.04,0,46,Normal
8936,4867,0.76,http,tcp,0.78,0.8,0,248,Attack
151,801,4,http,tcp,0.02,0.09,0,1,Normal
382,481,3.88,http,tcp,0.05,0.06,1,42,Normal
8381,4615,0.22,ssh,tcp,0.93,0.72,0,495,Attack
4909,1352,0.66,http,udp,0.55,0.71,0,318,Attack
2736,2147,0.77,http,tcp,0.84,0.59,0,251,Attack
301,948,3.95,other,tcp,0.09,0.07,0,18,Normal
4585,4318,0.52,ftp_control,icmp,0.62,0.77,0,212,Attack
3983,2642,0.66,http,udp,0.96,0.54,0,335,Attack
219,795,4.53,http,tcp,0.01,0.01,0,23,Normal
4321,3082,0.22,other,tcp,0.87,0.5,0,218,Attack
444,378,3.05,other,tcp,0.02,0.05,1,45,Normal
6521,1483,0.26,other,tcp,0.63,0.64,0,384,Attack
370,910,2.02,http,udp,0.03,0.04,1,23,Normal
7914,2339,0.26,ssh,tcp,0.92,0.7,0,363,Attack
228,969,3.03,other,udp,0.09,0,1,18,Normal
9367,3381,0.39,other,tcp,0.99,0.66,0,226,Attack
4940,2946,0.95,other,udp,0.53,0.91,0,486,Attack
68,812,4.88,http,udp,0,0.08,0,35,Normal
163,638,4.72,other,tcp,0.01,0,1,6,Normal
195,2460,0.54,ssh,tcp,0.66,0.79,0,254,Attack
123,999,2.57,dns,udp,0.06,0.06,1,40,Normal
194,829,1.87,other,udp,0.03,0.01,0,10,Normal
84,499,3.93,http,udp,0.03,0.07,1,14,Normal
4545,571,0.47,ssh,tcp,0.93,0.62,0,459,Attack
6028,4970,0.42,ssh,tcp,0.61,0.79,0,144,Attack
441,215,2.57,other,tcp,0.07,0.03,1,40,Normal
6548,4445,0.64,ssh,tcp,0.51,0.75,0,110,Attack
6146,3003,0.18,ssh,tcp,0.9,0.77,0,375,Attack
383,321,1.48,ftp,udp,0.05,0.05,0,36,Normal
271,326,1.9,other,tcp,0.04,0.08,1,24,Normal
300,519,3.28,dns,tcp,0.09,0.04,1,23,Normal
395,505,3.54,ftp,tcp,0,0,1,42,Normal
5033,1222,0.22,other,udp,0.89,0.59,0,497,Attack
2132,778,0.61,ssh,icmp,0.64,0.61,0,228,Attack
380,573,1.7,http,tcp,0.08,0.01,1,45,Normal
192,248,2.06,ftp,udp,0.07,0.08,1,18,Normal
205,826,0.65,other,tcp,0.07,0.03,1,2,Normal
367,653,1,other,udp,0.04,0.08,1,35,Normal
8681,1342,0.73,other,tcp,0.69,0.55,0,299,Attack
92,390,0.9,dns,tcp,0.01,0.08,1,17,Normal
183,106,3.36,ftp,tcp,0.1,0.09,0,22,Normal
466,381,2.85,other,tcp,0.04,0.01,1,9,Normal
475,349,4.46,http,tcp,0.05,0.06,1,18,Normal
1091,2110,0.84,other,udp,0.51,0.94,0,139,Attack
158,700,2.74,http,udp,0.01,0.1,1,21,Normal
371,982,2.01,other,udp,0.07,0.03,1,36,Normal
9564,4125,0.22,ssh,icmp,0.52,0.52,0,184,Attack
238,779,4.46,ftp,udp,0.08,0.03,1,26,Normal
82,269,3.19,other,tcp,0.05,0.06,1,43,Normal
446,537,1.84,other,tcp,0.1,0.03,0,27,Normal
6449,2866,0.21,ssh,icmp,0.87,0.91,0,345,Attack
9950,792,0.9,other,udp,0.79,0.68,0,399,Attack
193,548,3.17,other,tcp,0.05,0.04,1,42,Normal
447,985,0.98,dns,tcp,0.02,0.03,0,2,Normal
84,354,4.34,other,udp,0.08,0.01,1,9,Normal
9491,1302,0.98,http,udp,0.85,0.86,0,334,Attack
198,349,2.78,dns,udp,0.07,0.02,1,13,Normal
347,432,4.78,dns,tcp,0.08,0.07,0,33,Normal
5753,479,0.3,http,tcp,0.94,0.64,0,101,Attack
327,366,0.83,other,tcp,0.1,0.05,1,24,Normal
8092,1002,0.91,http,udp,0.64,0.7,0,117,Attack
1973,2147,0.45,other,udp,0.76,0.67,0,414,Attack
1671,3747,0.43,ssh,icmp,0.68,0.94,0,365,Attack
2989,1149,0.58,http,tcp,0.76,0.56,0,141,Attack
133,381,2.08,dns,tcp,0,0.08,1,32,Normal
435,375,4.8,http,tcp,0.03,0.07,1,3,Normal
2295,4658,0.17,http,icmp,0.99,0.76,0,264,Attack
237,406,2.62,dns,tcp,0.09,0.1,1,32,Normal
406,331,3.36,http,tcp,0,0.05,0,29,Normal
2062,4641,0.91,ssh,tcp,0.79,0.83,0,375,Attack
4965,3578,0.16,other,icmp,0.53,0.65,0,124,Attack
92,598,0.72,http,tcp,0,0.04,1,23,Normal
357,2640,0.53,other,udp,0.59,0.73,0,491,Attack
131,144,3.16,http,tcp,0.1,0.07,0,22,Normal
318,273,0.84,http,tcp,0.1,0.01,1,24,Normal
140,823,3.98,dns,tcp,0.09,0.09,0,31,Normal
366,417,0.7,ftp,tcp,0.03,0.08,1,17,Normal
332,226,4.83,http,tcp,0.05,0.01,0,45,Normal
104,739,3.2,http,udp,0.07,0.08,1,17,Normal
2920,43,0.52,ssh,udp,0.64,0.99,0,110,Attack
158,595,2.63,http,tcp,0.03,0.04,1,36,Normal
247,439,2.87,http,tcp,0.04,0.04,0,32,Normal
229,143,3.27,http,tcp,0.05,0.08,1,5,Normal
446,697,3.65,ftp,tcp,0.07,0.01,1,41,Normal
451,158,0.66,ftp,tcp,0.08,0.08,1,30,Normal
380,972,1.76,other,tcp,0.07,0.04,1,36,Normal
157,842,3.43,ftp,tcp,0.06,0.02,1,9,Normal
3169,1244,0.69,other,tcp,0.58,0.86,0,464,Attack
254,132,2.97,other,tcp,0.09,0,1,4,Normal
2211,4937,0.27,ftp_control,udp,0.78,0.53,0,280,Attack
488,393,2.97,other,tcp,0.08,0.05,0,25,Normal
20,2799,0.58,http,udp,0.59,0.89,0,499,Attack
98,412,3.12,http,tcp,0.03,0.08,1,12,Normal
71,977,2.88,http,tcp,0.07,0.01,1,46,Normal
460,630,1.37,dns,udp,0.01,0.04,1,16,Normal
144,443,3.95,other,tcp,0.08,0.08,1,43,Normal
305,894,2.7,ftp,tcp,0.08,0.04,1,47,Normal
1446,3480,0.42,ssh,udp,0.8,0.54,0,226,Attack
289,603,3.44,other,tcp,0.07,0.01,0,40,Normal
240,444,4.75,http,udp,0.05,0.06,0,27,Normal
181,503,0.79,ftp,tcp,0.05,0.06,1,15,Normal
410,800,3.04,other,udp,0.01,0.06,1,4,Normal
8299,359,0.14,other,udp,0.76,0.52,0,214,Attack
132,738,1.83,http,tcp,0,0.03,1,18,Normal
150,743,0.66,http,udp,0.05,0.1,0,8,Normal
311,360,1.99,dns,tcp,0.01,0.03,1,39,Normal
136,937,1.87,http,tcp,0.02,0.05,1,46,Normal
351,959,1.56,dns,tcp,0.09,0.04,1,29,Normal
402,569,0.75,http,tcp,0.01,0.08,0,24,Normal
263,194,0.77,http,tcp,0.05,0.04,1,33,Normal
170,575,2.48,dns,tcp,0.06,0.09,1,6,Normal
8777,3898,0.75,http,icmp,0.59,0.73,0,346,Attack
421,252,3.59,dns,udp,0,0.1,1,1,Normal
289,941,2.65,dns,tcp,0.05,0.04,1,8,Normal
494,822,0.63,ftp,udp,0.07,0.07,1,48,Normal
355,987,0.87,http,tcp,0.03,0.1,1,45,Normal
2560,4567,0.56,other,tcp,0.56,0.54,0,184,Attack
207,432,4.97,other,udp,0.02,0.09,0,32,Normal
4752,1766,0.93,http,tcp,0.51,0.82,0,193,Attack
372,565,2.66,other,tcp,0.03,0.07,0,3,Normal
2514,4213,0.48,other,tcp,0.65,0.72,0,364,Attack
1036,2640,0.78,ssh,icmp,0.61,0.95,0,283,Attack
8703,4886,0.1,other,tcp,0.98,0.78,0,416,Attack
2498,2212,0.92,ssh,tcp,0.9,0.98,0,357,Attack
376,958,4.56,other,tcp,0.06,0.04,0,47,Normal
99,172,3.08,other,tcp,0.03,0.08,1,5,Normal
349,796,4.8,ftp,tcp,0.09,0.04,1,12,Normal
218,784,4.84,ftp,tcp,0.01,0.07,1,24,Normal
76,429,2.99,http,tcp,0.07,0.08,1,9,Normal
2713,2544,0.16,other,tcp,0.91,0.78,0,343,Attack
244,183,3.25,other,tcp,0.06,0.05,1,45,Normal
126,224,0.97,http,tcp,0.09,0.03,1,36,Normal
9662,4465,0.94,other,udp,0.83,0.56,0,482,Attack
8010,3417,0.26,http,tcp,0.96,0.84,0,361,Attack
327,391,4.3,other,tcp,0.07,0.09,1,20,Normal
279,821,2.21,dns,tcp,0.04,0.04,0,40,Normal
7145,1381,0.45,other,tcp,0.69,0.93,0,376,Attack
2011,2062,0.81,ssh,tcp,0.97,0.52,0,245,Attack
2048,2865,0.35,other,tcp,0.81,0.58,0,190,Attack
2528,181,0.66,ftp_control,udp,0.99,0.83,0,106,Attack
6519,4743,0.24,ssh,tcp,0.74,0.89,0,464,Attack
3868,1210,0.49,ssh,tcp,0.54,0.75,0,275,Attack
7171,2166,0.89,other,udp,0.98,0.59,0,454,Attack
431,720,3.83,dns,tcp,0.08,0.05,1,42,Normal
2851,2342,0.77,ftp_control,tcp,0.69,0.6,0,498,Attack
116,819,3.64,http,tcp,0.07,0.06,1,39,Normal
149,174,4.99,ftp,tcp,0.06,0.08,1,16,Normal
7796,2628,0.38,ssh,udp,0.56,0.89,0,486,Attack
8496,1595,0.42,ftp_control,tcp,0.75,0.83,0,440,Attack
135,240,1.69,ftp,udp,0.08,0.06,1,41,Normal
1255,1156,0.6,ssh,udp,0.89,0.99,0,132,Attack
374,663,4.39,ftp,udp,0.01,0.03,0,44,Normal
466,482,3.06,http,udp,0.06,0.05,0,37,Normal
457,119,3.04,dns,udp,0.07,0.03,1,40,Normal
241,803,1.24,other,tcp,0.03,0.02,1,38,Normal
248,928,1.04,http,udp,0.01,0.06,1,35,Normal
2060,2647,0.22,http,tcp,0.98,0.6,0,345,Attack
7756,2673,0.87,other,tcp,1,0.61,0,286,Attack
440,468,4.99,dns,tcp,0.07,0.03,0,48,Normal
7176,3507,0.5,other,tcp,0.59,0.94,0,432,Attack
8311,3429,0.41,http,tcp,0.52,0.51,0,176,Attack
287,946,2.45,other,udp,0.01,0.01,0,3,Normal
110,604,2.95,dns,udp,0.05,0.08,1,10,Normal
5352,4764,0.06,other,tcp,0.64,0.67,0,376,Attack
2971,3813,0.25,http,tcp,0.81,0.66,0,339,Attack
328,950,2.36,http,tcp,0.05,0.08,0,5,Normal
181,575,4.08,other,tcp,0.08,0.03,0,4,Normal
251,864,0.62,http,tcp,0.09,0.03,1,49,Normal
234,358,3.27,other,tcp,0.09,0.02,0,28,Normal
5218,4862,0.64,other,icmp,0.65,0.59,0,242,Attack
2945,2561,0.81,other,tcp,0.62,0.94,0,345,Attack
5956,885,0.75,other,udp,0.93,0.7,0,152,Attack
124,222,4.36,dns,tcp,0.06,0.01,1,24,Normal
350,905,4.82,ftp,tcp,0.09,0.01,0,13,Normal
9473,4504,0.4,http,tcp,0.98,0.8,0,143,Attack
413,923,4.21,http,udp,0.03,0.08,1,2,Normal
2592,3861,0.18,http,tcp,0.66,0.7,0,476,Attack
372,293,4.21,other,tcp,0.03,0.07,0,7,Normal
85,727,5,http,udp,0.05,0.06,1,49,Normal
248,594,1.64,http,udp,0.05,0.04,1,18,Normal
3481,3660,0.16,http,icmp,0.88,0.74,0,204,Attack
77,186,2.6,other,udp,0.02,0.06,1,40,Normal
280,818,2.61,http,tcp,0.08,0.1,1,26,Normal
5508,1321,0.51,http,tcp,0.71,0.86,0,438,Attack
1865,287,0.23,http,tcp,0.55,0.93,0,222,Attack
9850,3639,0.85,ssh,icmp,0.59,0.71,0,316,Attack
284,958,2.89,http,udp,0.08,0,1,45,Normal
7202,2553,0.56,other,icmp,0.93,0.7,0,346,Attack
5116,2043,0.82,ssh,udp,0.53,0.87,0,126,Attack
3748,169,0.75,other,udp,0.56,0.73,0,187,Attack
2945,3262,0.27,http,icmp,0.57,0.84,0,312,Attack
143,205,1.45,other,tcp,0.04,0.07,0,46,Normal
70,633,0.55,http,udp,0.01,0.08,1,13,Normal
7320,4602,0.88,ssh,tcp,0.59,0.69,0,237,Attack
85,371,1.78,dns,tcp,0.07,0.05,1,12,Normal
114,160,0.56,http,tcp,0.05,0.1,0,18,Normal
5194,1546,0.72,other,udp,0.78,0.99,0,419,Attack
300,918,1.56,dns,tcp,0.06,0.1,1,45,Normal
352,556,4.52,ftp,tcp,0.1,0.01,1,39,Normal
311,805,3.16,http,tcp,0.01,0.02,1,25,Normal
218,267,2.2,http,udp,0.02,0.01,0,44,Normal
466,210,2.81,ftp,udp,0,0,1,33,Normal
4764,2442,0.41,http,tcp,0.55,0.78,0,126,Attack
326,244,4.81,ftp,tcp,0.04,0.06,1,46,Normal
70,972,4.38,http,tcp,0.09,0,1,40,Normal
388,793,3.34,http,udp,0.01,0.1,1,42,Normal
326,355,2.92,ftp,udp,0.01,0.06,0,41,Normal
224,428,1.05,http,udp,0.07,0.05,0,22,Normal
424,555,3.2,http,udp,0.03,0.02,1,42,Normal
380,614,3.4,ftp,tcp,0.08,0.08,1,9,Normal
320,447,4.39,ftp,udp,0.05,0.01,0,39,Normal
84,523,2.4,http,udp,0.02,0.09,1,3,Normal
1375,1563,0.99,other,tcp,0.73,0.87,0,277,Attack
440,335,3.54,http,tcp,0.05,0,0,24,Normal
265,680,0.65,http,tcp,0.1,0.04,1,38,Normal
185,156,1.65,dns,tcp,0.03,0.01,1,20,Normal
424,734,1.02,other,tcp,0,0.01,1,46,Normal
478,561,2.24,ftp,tcp,0.03,0.07,1,8,Normal
6754,744,0.84,http,tcp,0.95,0.55,0,276,Attack
2339,4704,0.16,ssh,icmp,0.8,0.59,0,449,Attack
6608,2111,0.3,ftp_control,tcp,0.83,0.7,0,409,Attack
75,121,2.18,other,tcp,0.02,0.04,0,20,Normal
158,492,1.92,ftp,tcp,0.05,0.09,0,37,Normal
294,681,1.52,http,tcp,0.01,0.01,1,31,Normal
358,759,4.13,http,tcp,0.01,0.01,0,46,Normal
3331,4373,0.9,ftp_control,tcp,0.64,0.67,0,322,Attack
9169,446,0.46,other,udp,0.61,0.76,0,433,Attack
170,443,0.63,http,tcp,0.02,0.09,1,44,Normal
6450,2094,0.56,ssh,tcp,0.51,0.63,0,206,Attack
399,249,3.51,http,udp,0.07,0.05,0,15,Normal
258,756,1.32,ftp,tcp,0.02,0.09,0,1,Normal
1183,1995,0.12,ftp_control,tcp,0.69,0.9,0,366,Attack
262,755,1.06,http,tcp,0.06,0.05,1,7,Normal
5424,3480,0.95,ssh,udp,0.58,0.93,0,324,Attack
194,501,2.28,ftp,tcp,0.05,0.01,1,33,Normal
305,682,2.93,other,tcp,0.08,0.09,1,37,Normal
448,520,1.02,http,tcp,0.03,0.02,1,11,Normal
285,164,2.8,http,tcp,0.05,0.07,1,39,Normal
387,544,1.42,dns,tcp,0,0.08,1,42,Normal
173,549,1.57,http,udp,0.05,0.09,1,15,Normal
3365,1315,0.91,ssh,icmp,0.51,0.77,0,313,Attack
8696,2143,0.48,http,udp,0.59,0.67,0,435,Attack
3075,4580,0.12,other,tcp,0.61,0.58,0,377,Attack
5992,186,0.02,ssh,icmp,0.88,0.8,0,221,Attack
6389,2509,0.77,other,icmp,0.71,0.7,0,471,Attack
294,413,4.75,ftp,udp,0.03,0.08,1,36,Normal
242,374,3.59,dns,tcp,0.01,0.03,1,18,Normal
169,447,4.97,ftp,tcp,0,0.07,1,12,Normal
2170,1674,0.16,http,udp,0.72,0.69,0,443,Attack
7883,3634,0.69,other,tcp,0.84,0.82,0,326,Attack
127,992,1.21,http,udp,0.04,0.09,0,36,Normal
120,396,1.32,other,tcp,0.05,0.1,1,36,Normal
297,444,3.76,http,udp,0.06,0.08,1,49,Normal
456,131,2.33,other,tcp,0.09,0.04,0,26,Normal
450,825,0.57,dns,tcp,0.02,0.06,1,21,Normal
235,899,4.43,other,tcp,0.02,0.06,0,25,Normal
1344,1559,0.91,http,tcp,0.87,0.91,0,354,Attack
8174,1286,0.43,other,icmp,0.69,0.5,0,320,Attack
272,745,1.88,ftp,tcp,0.03,0.05,1,32,Normal
6418,1447,0.62,http,icmp,0.99,0.71,0,358,Attack
189,297,3.62,http,tcp,0.03,0.01,1,42,Normal
72,212,2.79,ftp,tcp,0.09,0.08,1,49,Normal
287,941,3.14,http,udp,0.08,0.02,1,36,Normal
850,3324,0.79,ssh,icmp,0.75,0.78,0,447,Attack
104,192,2.1,dns,tcp,0,0.01,1,10,Normal
812,1291,0.44,other,udp,0.54,0.93,0,137,Attack
16,3038,0.9,other,icmp,0.63,0.58,0,172,Attack
416,589,2.85,ftp,tcp,0.09,0.09,1,7,Normal
161,118,4.55,other,tcp,0.09,0.07,1,5,Normal
6075,4504,0.2,http,tcp,0.62,0.96,0,323,Attack
419,829,4.38,dns,tcp,0.03,0.08,0,40,Normal
1689,1913,0.28,ftp_control,tcp,0.67,0.79,0,202,Attack
150,728,2.08,dns,tcp,0.02,0.05,1,20,Normal
844,3108,0.53,http,udp,0.74,0.9,0,196,Attack
125,635,0.73,http,tcp,0.09,0.03,1,34,Normal
527,3289,0.57,ssh,tcp,0.79,0.92,0,428,Attack
209,931,2.26,http,tcp,0.1,0.01,1,14,Normal
479,291,2.76,ftp,tcp,0.06,0.05,0,13,Normal
85,171,2.99,ftp,udp,0.05,0,1,33,Normal
63,489,3.02,dns,tcp,0.08,0.05,1,23,Normal
4434,2508,0.3,ssh,tcp,0.87,0.68,0,337,Attack
3334,4342,0.26,other,udp,0.51,0.71,0,104,Attack
59,435,4.53,http,tcp,0.01,0.02,1,14,Normal
140,595,3.99,dns,tcp,0.08,0.09,0,34,Normal
6072,3672,0.08,other,tcp,0.66,0.77,0,479,Attack
417,366,1.93,ftp,udp,0.03,0.02,1,35,Normal
478,391,0.9,http,tcp,0,0.08,1,44,Normal
4341,279,0.45,other,tcp,0.63,0.88,0,225,Attack
762,3444,0.45,http,tcp,0.92,0.66,0,158,Attack
379,375,2.23,other,tcp,0.1,0.1,1,16,Normal
4092,1163,0.02,ssh,tcp,0.54,0.8,0,368,Attack
2206,1056,0.98,http,tcp,0.78,0.97,0,481,Attack
87,706,0.98,ftp,tcp,0,0.09,0,28,Normal
3331,2277,0.18,other,tcp,0.76,0.89,0,128,Attack
371,839,0.65,http,udp,0.08,0.05,0,42,Normal
459,662,3.22,http,tcp,0.02,0.09,1,8,Normal
164,854,0.78,dns,udp,0.06,0.05,0,4,Normal
235,543,1.5,ftp,tcp,0.02,0.08,1,29,Normal
338,132,2.34,other,udp,0.06,0.09,1,9,Normal
6162,3328,0.73,other,tcp,0.86,0.96,0,394,Attack
258,910,1.01,ftp,tcp,0.02,0.01,1,9,Normal
292,802,3.07,dns,tcp,0.09,0.04,0,24,Normal
383,674,3.86,other,tcp,0.04,0.07,1,35,Normal
4146,4923,0.77,other,udp,0.59,0.79,0,133,Attack
5510,2410,0.73,ssh,tcp,0.84,0.54,0,352,Attack
304,671,2.33,ftp,udp,0.09,0.04,0,41,Normal
411,182,1.64,http,udp,0.06,0.02,1,22,Normal
334,401,1.48,http,udp,0.09,0.1,1,22,Normal
199,118,3.66,other,tcp,0.03,0.08,1,3,Normal
388,416,2.28,http,tcp,0.03,0.06,1,33,Normal
90,391,4.78,http,tcp,0.02,0.04,0,36,Normal
227,453,1.01,other,tcp,0.02,0.02,1,23,Normal
3245,917,0.76,ssh,icmp,0.85,0.61,0,449,Attack
85,451,2.71,http,tcp,0.1,0.04,1,31,Normal
290,834,1.47,dns,tcp,0.06,0.02,1,39,Normal
467,979,4.48,dns,tcp,0.07,0.05,1,11,Normal
4929,2557,0.79,other,tcp,0.8,0.74,0,354,Attack
5238,4651,0.89,ssh,tcp,0.61,0.97,0,434,Attack
392,820,3.73,other,tcp,0.02,0.09,1,37,Normal
163,825,0.84,dns,tcp,0.1,0.07,0,15,Normal
177,922,2.44,other,udp,0.03,0.05,1,7,Normal
123,637,1.76,dns,tcp,0.02,0.04,1,29,Normal
3999,2299,0.09,http,tcp,0.58,0.51,0,237,Attack
9148,3391,0.1,http,tcp,0.58,0.84,0,301,Attack
157,758,1.23,ftp,tcp,0,0.08,1,36,Normal
498,323,1.2,dns,udp,0.06,0.05,1,44,Normal
2413,4878,0.4,http,tcp,0.73,0.9,0,339,Attack
200,669,3.4,dns,tcp,0.02,0.09,1,21,Normal
4338,3530,0.94,http,tcp,0.58,0.8,0,163,Attack
449,730,4.68,other,tcp,0.09,0.08,1,24,Normal
187,501,2.32,http,tcp,0.03,0.01,1,40,Normal
273,547,1.28,other,udp,0,0.06,0,12,Normal
104,627,1.66,other,tcp,0.08,0.1,1,38,Normal
319,358,2.38,other,tcp,0.02,0.08,0,24,Normal
127,200,0.73,other,tcp,0.05,0.09,1,42,Normal
63,3113,0.23,http,tcp,0.54,0.69,0,336,Attack
388,736,2.19,http,tcp,0.09,0.02,1,18,Normal
298,816,1.12,ftp,udp,0.01,0.02,1,37,Normal
8239,2768,0.52,ssh,tcp,0.71,0.66,0,301,Attack
9241,1767,0.54,http,tcp,0.74,0.59,0,479,Attack
5859,1267,0.92,http,icmp,0.83,0.86,0,231,Attack
186,174,2.81,http,tcp,0.06,0.08,0,2,Normal
430,618,4.94,http,tcp,0.09,0.02,0,18,Normal
8113,295,0.91,other,udp,0.96,0.85,0,425,Attack
153,753,3.35,ftp,udp,0.03,0.08,0,8,Normal
381,244,0.72,other,udp,0.03,0.1,1,37,Normal
6284,4280,0.61,ssh,icmp,0.63,0.66,0,304,Attack
356,275,3.84,http,tcp,0.01,0.07,1,27,Normal
190,290,3.91,ftp,tcp,0.09,0.02,1,46,Normal
1436,158,0.15,http,icmp,0.94,0.7,0,451,Attack
169,231,1.94,ftp,tcp,0.04,0.06,0,27,Normal
5028,1900,0.63,other,tcp,0.74,0.6,0,320,Attack
1821,2724,0.92,http,icmp,0.61,0.68,0,239,Attack
442,591,1.87,http,udp,0.05,0.09,1,14,Normal
378,734,4.98,dns,tcp,0.02,0.03,1,26,Normal
285,774,1.33,http,udp,0.05,0.07,1,36,Normal
5342,941,0.22,http,udp,0.97,0.79,0,328,Attack
238,931,4.69,other,tcp,0.07,0.08,0,49,Normal
130,755,0.98,http,tcp,0.04,0.02,1,42,Normal
4824,1034,0.98,ssh,icmp,0.62,0.55,0,487,Attack
457,510,4.67,http,udp,0.05,0.04,1,42,Normal
1364,1327,0.97,ftp_control,tcp,0.69,0.67,0,191,Attack
3942,1711,0.62,other,tcp,0.63,0.59,0,370,Attack
488,289,2.78,http,tcp,0.1,0.07,1,27,Normal
3580,2575,0.99,other,udp,0.52,0.67,0,370,Attack
81,285,2.78,other,tcp,0,0.02,1,32,Normal
459,657,0.77,http,tcp,0.05,0.09,0,23,Normal
774,999,0.81,http,tcp,0.97,0.83,0,204,Attack
61,769,2.9,http,tcp,0.02,0.06,1,9,Normal
9652,315,0.29,http,icmp,0.9,0.62,0,147,Attack
341,667,2.71,dns,tcp,0.09,0.08,1,45,Normal
109,844,2.74,dns,udp,0.05,0.03,1,17,Normal
337,287,3.54,ftp,tcp,0.04,0.03,1,23,Normal
7832,2934,0.57,ftp_control,icmp,0.92,0.94,0,377,Attack
3255,4844,0.18,http,udp,0.58,0.85,0,138,Attack
80,336,4.35,http,tcp,0.06,0.03,1,7,Normal
6122,4700,0.77,other,tcp,0.92,0.69,0,138,Attack
9420,371,1,ssh,tcp,0.57,0.64,0,461,Attack
170,755,2.63,http,tcp,0.04,0.06,1,20,Normal
584,575,0.77,http,udp,0.52,0.94,0,476,Attack
1878,2640,0.83,ssh,tcp,0.59,0.86,0,128,Attack
265,828,3.83,http,tcp,0.02,0.08,0,2,Normal
271,888,1.92,http,tcp,0.01,0.01,0,25,Normal
487,343,3.48,other,tcp,0.04,0.05,1,6,Normal
219,561,2.97,http,tcp,0.05,0.04,0,17,Normal
475,738,1.69,other,tcp,0.05,0.03,0,7,Normal
1393,4055,0.18,other,tcp,0.92,0.5,0,153,Attack
8769,4843,0.54,http,udp,0.52,0.62,0,124,Attack
225,480,3.06,dns,tcp,0.07,0.07,1,46,Normal
8544,2083,0.97,other,tcp,0.61,0.96,0,339,Attack
239,474,0.82,http,tcp,0.78,0.67,0,269,Attack
129,123,1.68,http,tcp,0.05,0.05,1,22,Normal
96,191,3.47,dns,tcp,0.08,0.09,1,43,Normal
1204,2060,0.27,other,tcp,0.64,0.59,0,475,Attack
440,451,2.52,ftp,udp,0.06,0.06,0,15,Normal
8479,2635,0.08,http,tcp,0.78,0.95,0,487,Attack
327,878,2.89,other,tcp,0.08,0.1,1,14,Normal
5127,3755,0.82,other,icmp,0.7,0.68,0,375,Attack
56,481,4.41,dns,tcp,0.03,0.07,1,14,Normal
5524,2222,0.44,ssh,udp,0.84,0.83,0,411,Attack
174,758,2.27,http,tcp,0.03,0.04,1,30,Normal
4550,2847,0.13,ftp_control,tcp,0.54,0.71,0,466,Attack
8302,3935,0.4,other,tcp,0.82,0.72,0,281,Attack
496,300,1.97,http,udp,0.01,0.05,0,4,Normal
173,870,4.43,http,udp,0.05,0.06,1,39,Normal
4760,4498,0.68,other,udp,0.89,0.57,0,245,Attack
69,127,3.37,http,udp,0,0.06,1,22,Normal
700,1492,0.89,http,icmp,0.72,0.79,0,157,Attack
325,427,4.45,other,tcp,0.06,0.06,1,30,Normal
464,841,4.57,http,tcp,0.02,0.07,1,39,Normal
224,383,1.28,http,tcp,0.06,0.05,1,31,Normal
221,516,1.39,http,tcp,0.01,0.1,1,30,Normal
88,749,0.99,ftp,tcp,0.04,0.01,1,18,Normal
332,814,4.44,other,tcp,0.06,0.01,1,36,Normal
409,406,1.97,other,tcp,0.03,0.05,1,47,Normal
5121,3208,0.28,ssh,tcp,0.96,0.92,0,107,Attack
342,960,1.87,dns,udp,0.02,0.1,1,28,Normal
9978,2160,0.78,other,tcp,0.8,0.66,0,200,Attack
421,905,0.65,ftp,tcp,0.06,0,1,34,Normal
299,365,2.44,http,tcp,0.1,0.09,1,44,Normal
272,427,4.13,http,tcp,0.05,0.06,0,21,Normal
1606,179,0.88,other,tcp,0.61,0.71,0,385,Attack
7021,3260,0.39,ftp_control,icmp,0.79,0.62,0,141,Attack
301,737,1.44,dns,tcp,0.05,0.05,1,18,Normal
73,583,1.73,dns,tcp,0.01,0.03,1,16,Normal
2421,1319,0.11,other,tcp,0.58,0.96,0,300,Attack
294,267,4.52,http,tcp,0.04,0.08,1,14,Normal
5525,610,0.47,ftp_control,tcp,0.56,0.67,0,408,Attack
3353,2686,0.62,ssh,tcp,0.72,0.79,0,110,Attack
340,912,2.12,http,tcp,0.01,0.04,1,39,Normal
6642,364,0.31,other,udp,0.7,0.64,0,476,Attack
2930,599,0.58,ssh,icmp,0.72,0.75,0,233,Attack
6105,3736,0.42,ssh,tcp,0.82,0.81,0,115,Attack
79,2816,0.38,ssh,tcp,0.65,0.89,0,296,Attack
1541,4323,0.28,ssh,tcp,0.65,0.88,0,407,Attack
9541,3379,0.61,other,tcp,0.5,0.91,0,174,Attack
3252,3575,0.25,http,tcp,0.72,0.81,0,431,Attack
374,397,2.8,dns,tcp,0.04,0.07,1,3,Normal
318,260,1.42,http,udp,0.02,0,1,44,Normal
264,232,3.21,ftp,tcp,0.05,0.03,1,40,Normal
7825,3167,0.85,ssh,tcp,0.58,0.7,0,205,Attack
265,959,4.7,ftp,tcp,0.05,0.06,1,40,Normal
196,966,3.5,ftp,tcp,0.08,0.09,0,9,Normal
6663,3337,0.11,other,tcp,0.92,0.69,0,311,Attack
2105,500,0.2,ssh,tcp,0.83,0.51,0,433,Attack
176,748,0.76,http,tcp,0.08,0.04,0,38,Normal
190,988,1.06,ftp,tcp,0.1,0.1,1,5,Normal
465,467,1.72,http,tcp,0.04,0.03,0,35,Normal
8078,2121,0.79,http,icmp,0.57,0.65,0,251,Attack
1210,4468,0.31,ssh,tcp,0.93,0.64,0,190,Attack
470,400,2.03,other,tcp,0.02,0.01,1,4,Normal
249,767,1.12,ftp,tcp,0.05,0.04,1,47,Normal
130,428,1.58,http,udp,0.06,0.09,1,9,Normal
83,365,4.8,http,tcp,0.08,0.09,0,21,Normal
187,604,1.46,dns,tcp,0.07,0.08,1,2,Normal
189,261,1.67,dns,tcp,0.02,0.04,1,3,Normal
387,190,1.8,other,tcp,0.03,0.02,1,42,Normal
245,941,1.79,other,udp,0.02,0.02,0,4,Normal
85,318,3.37,http,udp,0.07,0.01,0,35,Normal
363,359,0.57,http,tcp,0.05,0.08,0,31,Normal
8270,2945,0.44,http,tcp,0.68,0.86,0,234,Attack
334,935,0.56,other,tcp,0.05,0.05,0,17,Normal
7605,4915,0.98,http,tcp,0.99,0.84,0,486,Attack
2963,4366,0.52,http,tcp,0.82,0.5,0,284,Attack
203,829,1.58,http,udp,0.04,0,1,12,Normal
142,855,2.47,ftp,tcp,0.06,0.1,0,43,Normal
6486,1564,0.91,ftp_control,tcp,0.64,0.78,0,455,Attack
8361,3894,0.61,http,tcp,0.76,0.54,0,358,Attack
214,243,0.56,http,tcp,0.04,0.06,0,4,Normal
245,491,3.9,http,tcp,0.01,0.03,1,45,Normal
400,730,3.8,other,tcp,0.04,0.04,0,10,Normal
6045,3417,0.09,ssh,tcp,0.94,0.88,0,190,Attack
394,627,3.39,other,tcp,0.08,0.04,0,17,Normal
150,733,3.33,http,udp,0.06,0.01,1,22,Normal
6212,4110,0.1,other,udp,0.67,0.66,0,215,Attack
139,996,1.43,other,udp,0.05,0.04,1,47,Normal
65,973,3.12,http,tcp,0.01,0.09,1,23,Normal
401,597,3.17,dns,udp,0.08,0.09,1,8,Normal
297,291,2.1,other,tcp,0.09,0.04,1,6,Normal
6089,1252,0.58,http,icmp,0.51,0.83,0,273,Attack
747,774,0.24,other,tcp,0.92,0.85,0,331,Attack
346,739,1.75,ftp,tcp,0.09,0.06,1,21,Normal
250,944,2.66,other,tcp,0.05,0.03,0,19,Normal
352,775,3.97,other,tcp,0.02,0.04,1,45,Normal
6910,2529,0.67,ftp_control,udp,0.53,0.94,0,336,Attack
486,556,2.95,http,tcp,0.09,0.05,1,20,Normal
208,535,4.33,dns,udp,0.05,0.04,1,4,Normal
1924,3984,0.86,other,tcp,0.62,0.63,0,355,Attack
286,316,1.32,other,tcp,0.08,0.06,0,10,Normal
265,849,3.34,dns,tcp,0.09,0.01,0,12,Normal
3228,217,0.1,other,tcp,0.96,0.98,0,385,Attack
138,444,4.69,dns,tcp,0.1,0.1,0,49,Normal
162,500,3.17,other,tcp,0.02,0.04,0,46,Normal
102,475,2.46,other,tcp,0.02,0.01,0,32,Normal
447,792,1.75,dns,tcp,0.03,0.04,1,24,Normal
216,401,2.41,ftp,tcp,0.01,0.07,1,20,Normal
428,502,3.49,http,tcp,0.01,0,0,26,Normal
221,899,2.31,other,tcp,0.07,0.07,1,44,Normal
243,508,1.14,ftp,tcp,0.04,0.09,1,25,Normal
6417,4706,0.52,other,tcp,0.93,0.76,0,215,Attack
430,261,4.12,http,tcp,0.03,0.04,1,2,Normal
3781,3036,0.13,ftp_control,tcp,1,0.63,0,341,Attack
82,856,1.38,other,udp,0.1,0.07,0,31,Normal
360,571,3.35,http,udp,0,0.08,0,39,Normal
7764,4860,0.89,other,icmp,0.58,0.59,0,158,Attack
96,122,4.15,ftp,tcp,0.02,0.08,1,1,Normal
180,855,3.04,http,tcp,0.07,0,0,10,Normal
288,575,3.29,ftp,udp,0.01,0.03,1,31,Normal
120,667,4.04,other,udp,0.01,0.04,0,20,Normal
226,887,1.64,other,udp,0.02,0.09,1,19,Normal
491,583,1.4,http,tcp,0.08,0.07,1,23,Normal
5037,1621,0.27,other,udp,0.65,0.54,0,432,Attack
424,891,1.02,dns,udp,0.04,0.07,1,37,Normal
88,534,1.27,ftp,tcp,0.06,0.07,1,46,Normal
468,361,0.55,dns,tcp,0.1,0.01,0,28,Normal
84,869,4.68,dns,tcp,0.01,0.07,1,13,Normal
443,377,3.28,http,tcp,0.01,0.07,1,34,Normal
278,498,0.79,ftp,tcp,0.04,0.02,1,35,Normal
2231,3351,0.3,other,udp,0.68,0.61,0,151,Attack
371,313,1.79,http,tcp,0.01,0.08,0,27,Normal
131,389,1.53,dns,tcp,0.01,0.09,1,21,Normal
69,126,4.63,http,udp,0.09,0.02,1,1,Normal
409,870,0.74,dns,udp,0.02,0.05,1,44,Normal
3380,199,0.96,http,tcp,0.65,0.8,0,372,Attack
317,406,2.86,ftp,tcp,0.01,0.02,1,14,Normal
472,956,2.83,dns,udp,0.01,0.06,0,24,Normal
5067,1447,0.17,ssh,tcp,0.99,0.63,0,296,Attack
55,364,3.48,dns,tcp,0.04,0.04,1,11,Normal
331,106,0.92,http,udp,0.04,0.02,1,36,Normal
5615,173,0.47,ssh,udp,0.93,0.84,0,311,Attack
8938,1120,0.63,other,udp,0.67,0.57,0,297,Attack
9885,3734,0.77,ftp_control,icmp,0.74,0.51,0,374,Attack
8169,858,0.72,other,tcp,0.72,0.66,0,121,Attack
245,512,1.47,ftp,tcp,0.03,0.09,1,38,Normal
457,679,1.39,ftp,tcp,0.01,0.05,1,17,Normal
144,859,3.92,dns,udp,0.08,0.06,0,12,Normal
776,3058,0.28,ftp_control,tcp,0.53,0.66,0,156,Attack
434,668,3.48,ftp,tcp,0.07,0.08,0,12,Normal
474,692,3.12,dns,tcp,0.01,0.06,0,43,Normal
193,232,2.6,dns,tcp,0.07,0.09,1,38,Normal
429,414,4.37,http,udp,0,0.02,0,48,Normal
9435,2009,0.65,http,icmp,0.88,0.6,0,148,Attack
303,226,3.32,http,tcp,0.07,0.04,1,33,Normal
388,347,3.9,dns,tcp,0.04,0.02,1,20,Normal
495,158,3.5,http,tcp,0.04,0,1,44,Normal
4933,3789,0.88,ftp_control,icmp,0.79,0.91,0,228,Attack
459,511,2.32,dns,tcp,0.01,0.08,1,16,Normal
2163,1863,0.19,ssh,tcp,0.94,0.57,0,363,Attack
274,319,1.93,ftp,udp,0,0.01,1,12,Normal
484,575,2.88,ftp,tcp,0.03,0.04,0,13,Normal
395,850,2.54,dns,udp,0.04,0.07,0,36,Normal
5950,4190,0.15,ssh,icmp,0.56,0.6,0,258,Attack
120,769,2.96,ftp,tcp,0.04,0.09,1,32,Normal
238,742,0.25,http,tcp,0.75,0.93,0,406,Attack
4960,2746,0.45,ssh,icmp,0.74,0.73,0,221,Attack
149,608,3.4,ftp,tcp,0.04,0.08,1,22,Normal
380,391,1.84,ftp,tcp,0.08,0.02,1,11,Normal
7609,4008,0.68,other,udp,0.75,0.78,0,489,Attack
177,635,4.01,other,tcp,0.07,0.1,1,43,Normal
293,339,2.51,dns,udp,0.09,0.03,1,20,Normal
5740,2159,0.66,ftp_control,tcp,0.55,0.72,0,468,Attack
4916,1598,0.74,other,udp,0.91,0.6,0,143,Attack
462,375,0.6,ftp,tcp,0.01,0.05,1,32,Normal
53,753,4.87,http,tcp,0.04,0.03,1,9,Normal
273,718,2.31,ftp,tcp,0.07,0.01,1,22,Normal
7434,4122,0.27,other,icmp,0.55,0.8,0,364,Attack
295,930,2.4,dns,tcp,0.09,0.05,0,12,Normal
227,176,4.47,http,tcp,0.02,0.03,1,42,Normal
310,545,1.86,http,tcp,0.02,0.1,0,31,Normal
8550,3288,0.72,http,tcp,0.54,1,0,457,Attack
2609,1145,0.2,ssh,tcp,0.83,0.71,0,372,Attack
239,1744,0.53,other,udp,0.56,0.51,0,390,Attack
4764,2467,0.48,other,tcp,0.99,0.92,0,152,Attack
368,108,1.88,http,udp,0.08,0.03,0,4,Normal
5787,3114,0.54,http,tcp,0.92,0.77,0,208,Attack
286,162,4.53,http,tcp,0.1,0.02,0,27,Normal
9494,233,0.77,ssh,icmp,0.86,0.88,0,119,Attack
493,497,4.9,ftp,udp,0.1,0.07,0,9,Normal
401,212,4.94,http,tcp,0.07,0.02,1,7,Normal
167,813,4.77,http,udp,0.08,0.04,0,7,Normal
217,616,1.14,http,udp,0.07,0.01,1,28,Normal
308,774,1.05,other,tcp,0.08,0.07,1,30,Normal
373,245,2.58,http,tcp,0.02,0.04,0,11,Normal
1722,3967,0.47,http,tcp,0.65,0.55,0,144,Attack
341,537,4.44,http,tcp,0.03,0.04,1,11,Normal
291,351,3.44,http,tcp,0,0.05,1,8,Normal
460,165,4.15,ftp,udp,0.08,0.1,1,22,Normal
78,920,0.52,other,udp,0.05,0.06,0,21,Normal
387,267,2.19,http,udp,0.03,0.04,1,46,Normal
419,930,3.4,dns,tcp,0.03,0.03,1,20,Normal
474,178,3.37,other,tcp,0.02,0.06,0,2,Normal
51,353,0.92,dns,udp,0.07,0.04,0,43,Normal
462,571,4.67,http,tcp,0.02,0.09,1,16,Normal
3840,149,0.47,other,udp,0.67,0.73,0,241,Attack
473,289,1.69,other,tcp,0.02,0.06,1,11,Normal
4331,1326,0.14,http,tcp,0.62,0.87,0,337,Attack
8564,2791,0.97,http,tcp,0.54,0.6,0,292,Attack
64,369,1.03,http,tcp,0.08,0.05,0,46,Normal
7450,1861,0.62,other,tcp,0.97,0.52,0,451,Attack
1070,247,0.83,ssh,udp,0.71,0.91,0,310,Attack
199,477,1.98,other,tcp,0.02,0.08,1,41,Normal
1259,2643,0.35,other,udp,0.81,0.91,0,233,Attack
2220,4569,0.88,ssh,tcp,0.62,0.63,0,282,Attack
1923,2583,0.54,ftp_control,icmp,0.62,0.76,0,441,Attack
149,657,4.89,http,tcp,0.03,0.01,1,30,Normal
57,914,1.11,http,tcp,0.03,0.04,1,49,Normal
1450,1246,0.53,ftp_control,udp,0.53,0.96,0,313,Attack
66,695,0.31,ssh,tcp,0.95,0.8,0,248,Attack
1809,2418,0.55,ftp_control,icmp,0.7,0.96,0,465,Attack
1560,3026,0.71,http,icmp,0.89,0.94,0,330,Attack
311,817,3.05,http,tcp,0.03,0.02,1,12,Normal
117,556,4.25,ftp,tcp,0.02,0.07,1,26,Normal
6355,4117,0.75,http,icmp,0.79,0.6,0,226,Attack
1089,1232,0.01,http,udp,0.92,0.98,0,322,Attack
238,366,1.49,other,tcp,0.1,0.03,1,27,Normal
216,716,4.45,http,udp,0.04,0.1,1,7,Normal
5855,3952,0.98,other,icmp,0.87,0.74,0,262,Attack
258,273,3.36,ftp,tcp,0.02,0.05,0,30,Normal
350,448,2.46,http,tcp,0.01,0.08,1,9,Normal
4586,503,0.6,http,tcp,0.53,0.94,0,493,Attack
9047,1353,0.79,ssh,tcp,0.88,0.65,0,146,Attack
219,983,3.99,http,tcp,0.08,0.03,1,1,Normal
3018,3670,0.22,ftp_control,tcp,0.54,0.8,0,126,Attack
9852,4953,0.1,ssh,tcp,0.61,0.64,0,392,Attack
2087,2834,0.75,other,tcp,0.76,0.68,0,497,Attack
498,611,0.81,dns,tcp,0.02,0.04,1,11,Normal
8259,1530,0.45,other,tcp,0.6,0.67,0,151,Attack
219,292,0.71,other,tcp,0.05,0.09,0,5,Normal
9133,4551,0.39,ssh,udp,0.97,0.8,0,393,Attack
1417,519,0.98,http,tcp,0.96,0.73,0,252,Attack
2592,3280,0.11,other,icmp,0.94,0.85,0,389,Attack
4194,1407,0.66,http,tcp,0.54,0.55,0,384,Attack
312,143,4.24,http,tcp,0.06,0.06,1,48,Normal
4333,2919,0.75,other,tcp,0.66,0.67,0,113,Attack
475,300,2.11,ftp,tcp,0.05,0.03,0,33,Normal
7507,2902,0.45,ssh,tcp,0.72,0.87,0,216,Attack
90,846,3,ftp,tcp,0.01,0.03,1,45,Normal
407,794,0.85,dns,tcp,0.04,0.05,1,37,Normal
4583,4270,0.93,http,icmp,0.97,0.72,0,214,Attack
1295,4787,0.88,http,tcp,0.7,0.52,0,327,Attack
4000,4273,0.88,other,udp,0.7,0.84,0,399,Attack
391,932,1.32,dns,tcp,0.01,0.01,1,39,Normal
371,254,2.89,other,tcp,0,0.08,0,32,Normal
5527,1566,0.76,ssh,icmp,0.55,0.79,0,196,Attack
367,342,1.88,http,udp,0.01,0.1,1,31,Normal
195,994,0.64,dns,udp,0.01,0.06,1,15,Normal
302,784,2.56,http,tcp,0.03,0.06,1,25,Normal
7536,691,0.86,http,icmp,0.55,0.52,0,114,Attack
2132,35,0.73,http,udp,0.56,0.97,0,123,Attack
2347,312,0.33,ssh,tcp,0.54,0.98,0,163,Attack
435,460,3.09,dns,tcp,0.04,0.03,1,41,Normal
364,939,3.24,other,tcp,0,0.01,1,39,Normal
373,867,4.17,http,tcp,0.03,0.04,1,27,Normal
199,759,2.65,other,tcp,0.08,0.02,1,1,Normal
5318,4435,0.36,other,udp,0.78,0.92,0,227,Attack
8191,2448,0.34,http,tcp,0.72,0.98,0,124,Attack
153,822,0.63,dns,tcp,0.04,0.01,1,9,Normal
71,457,2.55,http,tcp,0.09,0.08,0,26,Normal
6482,4619,0.9,ftp_control,icmp,0.52,0.55,0,337,Attack
8534,2847,0.71,ftp_control,udp,0.81,0.85,0,417,Attack
7739,4031,0.27,other,tcp,0.68,0.6,0,205,Attack
364,290,3.83,other,tcp,0.05,0.05,1,22,Normal
454,334,4.26,other,udp,0.06,0.08,1,34,Normal
386,913,3.61,other,udp,0.09,0.09,0,39,Normal
389,278,4.62,http,tcp,0.03,0.02,0,19,Normal
174,562,2.44,ftp,udp,0.02,0.02,0,20,Normal
369,368,3.95,http,tcp,0.07,0.02,0,31,Normal
413,656,2.81,ftp,tcp,0.08,0.09,1,4,Normal
330,828,2.49,http,tcp,0.08,0.07,1,35,Normal
269,617,3.64,dns,udp,0.07,0.01,0,4,Normal
306,993,1.59,http,tcp,0.02,0.04,0,20,Normal
9938,3520,0.64,http,udp,0.91,0.65,0,354,Attack
6047,1675,0.43,ftp_control,udp,0.6,0.56,0,454,Attack
9718,116,0.91,http,icmp,0.71,0.86,0,157,Attack
304,513,1.57,ftp,tcp,0.03,0.09,1,43,Normal
1863,3370,0.93,other,tcp,0.51,0.54,0,224,Attack
1984,4634,0.38,http,tcp,0.88,0.58,0,393,Attack
74,225,4.09,ftp,udp,0.02,0.08,0,9,Normal
185,493,4.6,http,tcp,0.02,0.02,0,37,Normal
339,692,1.25,http,tcp,0.05,0.07,0,41,Normal
112,716,4.71,http,udp,0.1,0.01,1,3,Normal
789,3577,0.39,ssh,udp,0.84,0.76,0,181,Attack
464,675,1.02,ftp,tcp,0.06,0.08,1,9,Normal
464,372,2.59,http,tcp,0.03,0.05,1,1,Normal
158,956,0.92,http,tcp,0.02,0.07,1,22,Normal
361,718,1.87,other,tcp,0.04,0.02,0,5,Normal
7249,4593,0.33,other,tcp,0.65,0.82,0,247,Attack
287,836,4.62,dns,tcp,0.04,0,0,18,Normal
2202,2511,0.24,other,tcp,0.71,0.6,0,422,Attack
189,386,4.31,http,tcp,0.03,0.07,0,37,Normal
333,223,0.92,other,udp,0.07,0,1,7,Normal
163,339,4.52,other,tcp,0.04,0.04,1,1,Normal
85,741,4.42,dns,tcp,0.08,0.04,1,3,Normal
6673,4743,0.99,ftp_control,icmp,0.58,0.91,0,152,Attack
408,664,4.64,other,tcp,0.09,0.03,1,1,Normal
488,555,3.2,dns,udp,0.04,0.07,1,18,Normal
313,386,1.16,http,udp,0.02,0.1,1,37,Normal
536,133,0.06,ftp_control,tcp,0.9,0.5,0,299,Attack
331,684,2.94,dns,tcp,0.03,0.09,1,29,Normal
341,823,1.03,http,tcp,0,0.08,0,46,Normal
4882,149,0.21,ssh,tcp,0.69,0.82,0,375,Attack
473,298,3.22,other,tcp,0.08,0.08,1,9,Normal
4936,2805,0.66,ftp_control,udp,0.68,0.91,0,369,Attack
7707,2051,0.13,http,icmp,0.51,0.76,0,370,Attack
494,553,2.3,ftp,udp,0.02,0.04,1,31,Normal
331,652,1.31,http,udp,0.09,0.1,0,23,Normal
6723,4814,0.95,ftp_control,tcp,0.64,0.51,0,379,Attack
4118,4764,0.33,ssh,tcp,0.53,0.79,0,339,Attack
3155,2859,0.61,other,icmp,0.67,0.54,0,256,Attack
350,324,3.83,other,tcp,0.07,0.01,0,3,Normal
374,850,1.89,ftp,tcp,0.04,0,1,41,Normal
57,369,1.77,http,udp,0.01,0.01,1,25,Normal
450,106,0.66,http,udp,0.02,0.09,1,45,Normal
165,601,1.15,dns,tcp,0.08,0.01,0,23,Normal
109,365,0.89,ftp,udp,0.06,0.04,1,48,Normal
238,452,2.4,dns,tcp,0.01,0.09,1,40,Normal
70,3519,0.85,http,udp,0.67,0.9,0,498,Attack
2850,1010,0.69,http,tcp,0.98,0.75,0,413,Attack
395,279,4.89,other,tcp,0.1,0,0,4,Normal
265,169,2.3,dns,udp,0.08,0.06,1,32,Normal
2199,4655,0.36,ftp_control,tcp,0.66,0.91,0,358,Attack
2573,4470,0.07,ssh,tcp,0.98,0.97,0,148,Attack
384,535,2.76,http,tcp,0.03,0.01,1,20,Normal
7611,2392,0.38,http,udp,0.55,0.99,0,231,Attack
326,366,2.69,other,tcp,0.01,0.01,1,34,Normal
361,162,3.41,dns,tcp,0.05,0.04,0,34,Normal
207,364,0.57,http,tcp,0.07,0.04,1,40,Normal
487,364,2.66,dns,tcp,0.04,0.07,1,38,Normal
176,295,0.65,dns,tcp,0.07,0.06,0,15,Normal
5921,2715,0.94,ssh,tcp,0.79,0.57,0,284,Attack
327,782,1.18,http,tcp,0.01,0.05,1,1,Normal
430,654,1,other,udp,0.07,0.07,1,28,Normal
6353,846,0.97,ftp_control,udp,0.74,0.78,0,128,Attack
363,795,2.9,other,tcp,0.03,0.04,1,49,Normal
789,143,0.42,ftp_control,tcp,0.86,0.78,0,146,Attack
266,933,1.36,ftp,udp,0,0.01,0,40,Normal
7401,3607,0.53,http,udp,0.96,0.62,0,376,Attack
303,428,1.25,dns,tcp,0.09,0,1,39,Normal
9910,3918,0.73,ssh,icmp,0.98,0.91,0,468,Attack
166,236,4.09,dns,tcp,0.09,0.02,1,45,Normal
356,623,4.23,http,tcp,0.08,0.02,1,12,Normal
194,564,1.23,dns,tcp,0.09,0.05,1,29,Normal
7613,3463,0.25,ftp_control,udp,0.84,0.5,0,462,Attack
637,2205,0.05,http,tcp,0.81,0.93,0,468,Attack
394,246,1.19,other,tcp,0.03,0.05,1,40,Normal
260,662,2.17,other,tcp,0.07,0.07,0,44,Normal
4260,1630,0.15,other,tcp,0.8,0.87,0,212,Attack
2654,2375,0.12,other,tcp,0.63,0.86,0,313,Attack
365,666,0.78,ftp,udp,0.03,0.01,1,9,Normal
9572,766,0.92,other,icmp,0.92,0.85,0,190,Attack
72,884,4.13,dns,tcp,0.06,0.04,1,1,Normal
375,153,0.61,http,tcp,0.09,0.04,0,47,Normal
419,713,2.5,dns,tcp,0.03,0.05,0,28,Normal
326,485,0.73,dns,tcp,0.06,0.07,1,26,Normal
426,853,3.71,http,tcp,0.03,0.02,1,40,Normal
5535,3677,0.87,ssh,tcp,0.96,0.7,0,282,Attack
406,981,3.6,http,udp,0.08,0.05,0,17,Normal
1627,4098,0.26,other,udp,0.68,0.68,0,382,Attack
2533,137,0.83,other,udp,0.61,0.99,0,394,Attack
1830,152,0.05,other,tcp,0.85,0.64,0,352,Attack
297,674,1.88,http,udp,0.09,0.01,1,30,Normal
204,767,2.91,http,udp,0.05,0.04,0,48,Normal
228,162,1.09,http,tcp,0.03,0.05,1,16,Normal
7032,3424,0.26,other,tcp,0.87,0.89,0,148,Attack
7806,3783,0.18,other,tcp,0.58,0.73,0,451,Attack
456,891,3.66,other,udp,0.06,0.08,1,30,Normal
173,932,3.26,http,udp,0.06,0.02,1,11,Normal
2507,80,0.52,ssh,tcp,0.84,0.57,0,135,Attack
9272,4907,0.32,http,udp,0.87,0.87,0,343,Attack
97,281,2.17,ftp,tcp,0.08,0.05,1,48,Normal
7616,2697,0.39,other,udp,0.57,0.91,0,447,Attack
116,555,3.85,other,tcp,0.04,0.07,1,18,Normal
6502,1736,0.02,other,udp,0.53,0.58,0,163,Attack
2265,124,0.82,other,tcp,0.56,0.79,0,441,Attack
4335,3324,0.73,http,udp,0.65,0.57,0,157,Attack
3165,2419,0.2,http,udp,0.93,0.96,0,418,Attack
379,976,0.98,dns,tcp,0.06,0.06,0,31,Normal
386,424,2.96,other,tcp,0.01,0.05,1,5,Normal
98,957,0.8,http,tcp,0.01,0.04,0,24,Normal
200,712,3.25,http,tcp,0.04,0.05,0,47,Normal
9809,1621,0.41,other,udp,0.66,0.98,0,412,Attack
232,867,2.41,ftp,udp,0.07,0.08,0,33,Normal
8510,3491,0.77,ssh,udp,0.99,0.84,0,393,Attack
2972,3627,0.86,http,icmp,0.86,0.83,0,100,Attack
2266,3701,0.57,ssh,tcp,0.83,0.94,0,449,Attack
160,254,3.89,http,tcp,0.06,0.06,0,34,Normal
472,791,4.9,http,tcp,0.08,0.01,1,17,Normal
8752,3176,0.95,ssh,tcp,0.75,0.71,0,326,Attack
8531,110,0.99,http,tcp,0.76,0.59,0,372,Attack
105,272,2.5,ftp,udp,0.06,0.02,1,16,Normal
269,756,4.02,dns,tcp,0.1,0.02,1,12,Normal
370,336,4.02,ftp,tcp,0.01,0.02,1,21,Normal
199,132,2.79,http,udp,0.07,0.09,1,49,Normal
296,876,1.68,http,udp,0.08,0.1,1,29,Normal
5836,107,0.04,http,udp,0.67,0.66,0,286,Attack
58,479,0.72,ftp,tcp,0.05,0.06,1,10,Normal
136,632,4.89,http,tcp,0.1,0,0,28,Normal
5499,3640,0.08,http,icmp,0.6,0.52,0,426,Attack
7563,2672,0.38,http,tcp,0.65,0.7,0,370,Attack
259,257,1.81,other,tcp,0,0.09,1,14,Normal
324,889,0.91,dns,tcp,0.09,0.08,1,9,Normal
290,715,3.33,http,tcp,0.03,0.07,1,7,Normal
335,930,3.22,ftp,tcp,0.07,0.07,1,15,Normal
207,698,3,dns,udp,0,0.08,1,25,Normal
71,800,2.9,dns,tcp,0.03,0.01,0,4,Normal
278,527,2.97,ftp,tcp,0.02,0.07,1,36,Normal
394,101,2.65,other,tcp,0,0.1,0,4,Normal
165,827,4.82,ftp,tcp,0.01,0.06,1,10,Normal
4862,4686,0.99,ssh,tcp,0.78,0.96,0,405,Attack
1211,3149,0.61,ssh,tcp,0.93,0.51,0,108,Attack
4717,695,0.08,ftp_control,tcp,0.66,0.53,0,270,Attack
495,606,3.54,dns,tcp,0.08,0.04,1,19,Normal
446,614,1.87,http,udp,0.03,0.02,0,22,Normal
303,312,2.08,other,udp,0.02,0.02,1,47,Normal
137,603,3.37,ftp,tcp,0.1,0.08,0,13,Normal
401,272,3.56,http,tcp,0.03,0.05,0,7,Normal
771,2410,0.92,http,icmp,0.87,0.59,0,302,Attack
389,157,4.63,http,tcp,0.01,0.08,1,47,Normal
9248,3877,0.99,http,tcp,0.81,0.73,0,255,Attack
7054,4284,0.17,ssh,tcp,0.65,0.69,0,417,Attack
366,519,1,ftp,tcp,0,0.08,0,12,Normal
8087,410,0.55,http,icmp,0.91,0.75,0,284,Attack
9099,653,0.44,other,icmp,0.64,0.62,0,142,Attack
7212,4395,0.74,ssh,icmp,0.7,0.63,0,413,Attack
1147,266,0.6,ssh,udp,0.75,0.98,0,316,Attack
460,256,2.4,http,tcp,0.04,0.08,1,16,Normal
4277,242,0.91,ssh,tcp,0.85,0.66,0,428,Attack
162,566,3.64,other,udp,0.08,0.08,1,29,Normal
257,693,4.21,dns,udp,0.03,0.09,0,39,Normal
320,158,4.18,dns,tcp,0.03,0.04,1,32,Normal
200,224,1.75,http,tcp,0.1,0.01,1,47,Normal
125,340,4.6,ftp,tcp,0.01,0.04,1,29,Normal
373,386,1.7,http,tcp,0.02,0.07,1,45,Normal
72,569,1.29,http,tcp,0.1,0.05,0,5,Normal
229,378,4.5,http,tcp,0.08,0.05,0,25,Normal
170,544,0.66,dns,udp,0.08,0.04,1,28,Normal
8017,2875,0.05,other,icmp,0.68,0.54,0,433,Attack
248,653,4.11,other,udp,0.02,0.03,1,25,Normal
4485,2547,0.18,http,icmp,0.8,0.92,0,139,Attack
303,597,1.75,dns,udp,0.01,0.07,1,17,Normal
153,866,1.01,http,udp,0.03,0.1,1,23,Normal
6017,3944,0.87,ssh,tcp,0.74,0.91,0,183,Attack
4282,3101,0.26,http,icmp,0.53,0.56,0,465,Attack
1792,1412,0.03,http,udp,0.64,0.76,0,460,Attack
480,689,0.5,dns,tcp,0.01,0.08,1,26,Normal
455,414,2.69,http,tcp,0.05,0.07,1,32,Normal
9897,285,0.02,http,tcp,0.7,0.68,0,108,Attack
168,3428,0.91,other,udp,0.83,0.88,0,316,Attack
155,674,4.24,http,tcp,0.05,0.01,0,4,Normal
470,191,3.78,http,udp,0.06,0.06,1,16,Normal
367,654,1.18,ftp,tcp,0.03,0.09,1,37,Normal
1106,2091,0.81,other,tcp,0.64,0.95,0,369,Attack
5365,2871,0.86,other,udp,0.56,0.52,0,394,Attack
8004,3517,0.88,ssh,icmp,0.55,0.57,0,398,Attack
482,228,2.37,ftp,tcp,0.01,0.09,0,35,Normal
9828,3923,0.96,other,icmp,0.77,0.58,0,283,Attack
386,253,0.94,http,tcp,0,0.02,1,8,Normal
725,1256,0.57,ftp_control,tcp,0.98,0.63,0,406,Attack
5373,3840,0.98,ssh,udp,0.79,0.68,0,418,Attack
343,165,1.23,http,tcp,0.08,0.04,1,11,Normal
542,1814,0.16,ftp_control,tcp,0.5,0.59,0,340,Attack
290,155,1.1,http,udp,0.09,0.06,1,19,Normal
9863,897,0.04,ftp_control,tcp,0.83,0.9,0,392,Attack
499,352,1.89,dns,tcp,0,0.05,1,6,Normal
252,876,2.1,http,udp,0.04,0.06,1,40,Normal
6940,718,0.17,ssh,tcp,0.63,0.58,0,440,Attack
425,172,3.62,http,tcp,0.02,0.09,1,46,Normal
128,392,0.59,other,tcp,0.09,0.02,1,23,Normal
1134,3695,0.42,http,tcp,0.68,0.72,0,137,Attack
8840,2142,1,ssh,udp,0.78,0.54,0,322,Attack
7515,228,0.47,other,icmp,0.53,0.88,0,496,Attack
3687,1783,1,other,udp,0.81,0.96,0,213,Attack
158,475,4.98,other,udp,0.04,0.01,1,4,Normal
7802,76,0.38,other,tcp,0.53,0.73,0,319,Attack
7985,192,0.71,ssh,udp,0.65,0.93,0,362,Attack
385,569,3.73,http,tcp,0.04,0.09,0,45,Normal
225,203,4.66,ftp,tcp,0.1,0.01,1,6,Normal
198,598,1.31,http,udp,0.08,0.05,1,33,Normal
480,328,3.96,dns,tcp,0.01,0.04,1,28,Normal
499,860,2.85,http,tcp,0.05,0.02,1,16,Normal
1638,3302,0.34,other,icmp,0.55,1,0,157,Attack
5258,3700,0.99,http,tcp,0.93,0.79,0,122,Attack
52,296,2.43,other,tcp,0.05,0.05,0,32,Normal
7672,4234,0.07,ssh,tcp,0.56,0.58,0,206,Attack
210,765,0.67,http,tcp,0.05,0.09,1,6,Normal
1199,2777,0.58,ssh,tcp,0.6,0.89,0,264,Attack
9798,1958,0.25,ftp_control,icmp,0.53,0.8,0,376,Attack
345,208,4.02,http,udp,0.05,0.05,0,2,Normal
95,850,2.63,ftp,tcp,0.09,0.07,1,27,Normal
6050,2785,0.02,other,icmp,0.67,0.72,0,119,Attack
142,685,0.9,http,tcp,0.08,0.1,0,49,Normal
350,700,3.54,dns,tcp,0.01,0,1,11,Normal
451,697,3.75,ftp,tcp,0,0.08,0,47,Normal
472,682,3.89,http,udp,0.05,0.1,0,1,Normal
6358,1250,0.13,ssh,udp,0.58,0.69,0,187,Attack
496,228,3.32,dns,tcp,0.05,0.08,1,3,Normal
4665,2860,0.93,http,udp,0.91,0.6,0,489,Attack
5542,2855,0.45,other,icmp,0.62,0.66,0,411,Attack
124,306,1.58,ftp,tcp,0.06,0.1,1,4,Normal
331,202,0.88,http,udp,0.02,0.01,1,12,Normal
7309,315,0.76,ssh,icmp,0.53,0.85,0,304,Attack
449,503,1.12,ftp,tcp,0.05,0.08,0,40,Normal
138,800,2.99,http,tcp,0.05,0.03,1,5,Normal
6030,94,0.32,http,tcp,0.77,0.99,0,212,Attack
334,323,1.73,dns,tcp,0.02,0.05,1,49,Normal
6279,1876,0.95,ftp_control,tcp,0.7,0.64,0,227,Attack
264,843,2.4,dns,tcp,0.09,0.04,1,4,Normal
134,683,0.54,other,tcp,0.01,0.09,0,40,Normal
1360,2210,0.75,ssh,icmp,0.87,0.79,0,416,Attack
366,217,2.48,dns,tcp,0.01,0.02,0,20,Normal
8060,3683,0.22,other,udp,0.75,0.86,0,203,Attack
119,530,3.09,http,tcp,0.05,0.05,1,11,Normal
272,818,3.99,ftp,tcp,0.01,0.03,0,39,Normal
6232,3197,0.51,http,tcp,0.99,0.56,0,492,Attack
2140,272,0.17,ssh,icmp,0.67,0.87,0,495,Attack
41,370,0.96,other,udp,0.89,0.8,0,262,Attack
340,630,4.67,dns,tcp,0.02,0.07,1,25,Normal
4730,2088,0.73,ssh,icmp,0.54,0.64,0,277,Attack
2015,3412,0.19,ssh,udp,0.74,0.94,0,382,Attack
239,379,2.81,other,udp,0.03,0.08,0,17,Normal
332,842,3.06,http,tcp,0.06,0.09,0,26,Normal
4989,1295,0.2,other,udp,0.82,0.76,0,214,Attack
443,734,4.89,dns,tcp,0.05,0.01,1,41,Normal
67,757,1.39,http,udp,0.05,0,0,2,Normal
238,494,4.75,http,udp,0.01,0.03,0,4,Normal
9392,2225,0.37,ssh,icmp,0.85,0.81,0,333,Attack
93,258,1.68,http,udp,0.05,0.07,0,24,Normal
355,708,0.7,ftp,tcp,0.1,0.01,1,25,Normal
379,114,1.89,http,tcp,0.04,0.05,0,32,Normal
308,171,3.25,dns,tcp,0.01,0.09,1,19,Normal
60,339,2.59,ftp,tcp,0.03,0,1,21,Normal
9455,4295,0.83,ssh,tcp,0.76,0.71,0,440,Attack
101,721,2.81,http,tcp,0.08,0.02,0,29,Normal
434,625,0.82,ftp,tcp,0.06,0.03,1,24,Normal
855,4108,0.07,ftp_control,udp,0.87,1,0,316,Attack
3881,2928,0.07,ssh,tcp,0.96,0.81,0,410,Attack
75,849,1.02,ftp,udp,0.06,0.06,1,36,Normal
269,773,3.71,http,tcp,0.06,0.07,0,14,Normal
9871,837,0.07,other,udp,0.93,0.9,0,206,Attack
319,894,3.35,http,tcp,0.05,0.05,1,32,Normal
412,435,3.93,ftp,tcp,0.02,0.04,1,11,Normal
420,832,4.33,http,tcp,0.09,0.07,1,36,Normal
8155,3174,0.54,ssh,tcp,0.98,0.94,0,434,Attack
211,136,4.32,dns,udp,0.03,0.05,0,18,Normal
8132,1541,0.03,ftp_control,tcp,0.76,0.73,0,130,Attack
2850,1292,0.99,ssh,icmp,0.85,0.68,0,426,Attack
328,814,1.24,dns,tcp,0.05,0.09,1,37,Normal
261,658,2.22,dns,tcp,0.03,0.1,1,4,Normal
3646,3384,0.95,http,icmp,0.56,0.89,0,423,Attack
246,804,1.59,http,tcp,0.01,0.01,1,41,Normal
7525,2167,0.13,http,tcp,0.69,0.82,0,490,Attack
2386,1268,0.99,ftp_control,tcp,0.89,0.99,0,331,Attack
2934,2420,0.22,http,udp,0.55,0.58,0,370,Attack
2858,358,0.14,ssh,tcp,0.95,0.63,0,339,Attack
178,852,0.69,other,tcp,0.09,0.02,1,39,Normal
7756,866,0.16,other,tcp,0.75,0.67,0,457,Attack
492,895,3.26,http,udp,0.06,0.04,1,40,Normal
2198,283,0.57,ssh,tcp,0.71,0.59,0,352,Attack
171,188,2.19,http,udp,0.1,0.1,0,5,Normal
282,540,0.59,other,tcp,0.01,0.08,0,41,Normal
7778,165,0.55,http,icmp,0.81,0.62,0,369,Attack
7733,3913,0.35,http,tcp,0.67,0.69,0,403,Attack
149,538,2.49,ftp,udp,0.07,0.01,1,44,Normal
449,140,3.54,http,tcp,0,0.07,0,8,Normal
441,900,0.65,http,udp,0.01,0.05,0,2,Normal
6989,1646,0.8,ftp_control,udp,0.76,0.62,0,365,Attack
271,861,0.99,ftp,tcp,0.08,0.08,1,40,Normal
377,205,3.01,http,tcp,0.08,0.02,0,32,Normal
420,138,2.02,ftp,tcp,0.05,0.02,1,12,Normal
137,883,2.89,ftp,tcp,0.02,0.02,0,28,Normal
9533,1430,0.83,http,tcp,0.86,0.97,0,211,Attack
441,721,1.99,ftp,tcp,0.1,0.06,0,43,Normal
3916,3939,0.56,http,udp,0.73,0.86,0,217,Attack
3986,2549,0.49,http,udp,0.85,0.98,0,447,Attack
262,751,3.88,dns,tcp,0.03,0.08,1,46,Normal
9847,3350,0.41,ssh,tcp,0.9,0.73,0,398,Attack
4789,1960,0.61,http,icmp,0.73,0.93,0,487,Attack
8141,4973,0.57,ftp_control,tcp,0.73,0.51,0,402,Attack
6935,3984,0.73,http,icmp,0.9,0.82,0,350,Attack
77,395,2.11,other,tcp,0.02,0.01,1,46,Normal
273,385,2.6,http,udp,0.03,0.1,1,9,Normal
165,790,2.12,dns,tcp,0.05,0.1,0,17,Normal
118,999,3.66,other,tcp,0.01,0.02,1,22,Normal
7731,1337,0.34,other,tcp,0.83,0.74,0,349,Attack
3966,3452,0.29,http,icmp,0.96,0.83,0,381,Attack
464,392,1.11,ftp,tcp,0.01,0.01,0,15,Normal
92,169,3.92,http,tcp,0.04,0.03,1,7,Normal
482,177,1.72,ftp,udp,0.05,0.04,0,16,Normal
395,366,3.21,dns,tcp,0.02,0.1,1,38,Normal
8513,560,0.72,http,icmp,0.93,0.58,0,451,Attack
351,618,4.94,dns,tcp,0.01,0.06,1,46,Normal
3464,3287,0.97,ssh,udp,0.65,0.66,0,254,Attack
272,686,2.91,other,udp,0.05,0,1,28,Normal
410,887,4.73,other,tcp,0.03,0.09,0,44,Normal
241,157,0.55,http,tcp,0.06,0.1,1,20,Normal
319,404,0.91,ftp,tcp,0.07,0.09,1,15,Normal
572,1734,0.23,ssh,tcp,0.72,0.71,0,331,Attack
9697,2233,0.17,ssh,icmp,0.6,0.66,0,392,Attack
211,942,0.52,http,tcp,0.06,0.09,0,16,Normal
345,462,2.68,dns,udp,0.06,0.07,1,20,Normal
6055,3458,0.65,ssh,tcp,0.96,0.54,0,375,Attack
55,687,3.16,other,tcp,0.07,0.05,0,9,Normal
200,641,2.15,other,tcp,0.04,0.01,1,2,Normal
74,374,3.52,other,tcp,0.1,0.09,1,15,Normal
562,560,0.96,other,tcp,0.81,0.77,0,190,Attack
3402,520,0.41,http,udp,0.85,0.94,0,365,Attack
290,528,4.49,other,tcp,0.02,0.07,1,35,Normal
1348,4367,0.39,http,tcp,0.86,0.74,0,225,Attack
181,694,3.73,http,udp,0.08,0.01,0,47,Normal
125,494,4.22,other,tcp,0,0.06,1,8,Normal
240,583,2.08,ftp,tcp,0.06,0.09,1,12,Normal
9464,1351,0.27,ssh,udp,0.79,0.73,0,198,Attack
481,870,0.9,dns,tcp,0.1,0.09,1,33,Normal
6929,1334,0.74,ssh,tcp,0.5,0.98,0,100,Attack
3649,4217,0.04,ssh,tcp,0.86,0.51,0,290,Attack
6611,64,0.62,ssh,tcp,0.88,0.79,0,390,Attack
2035,1477,0.38,other,icmp,0.66,0.55,0,217,Attack
6868,3826,0.94,http,tcp,0.96,0.87,0,109,Attack
325,735,2.2,ftp,udp,0.07,0.05,1,1,Normal
480,439,3.8,other,udp,0.06,0.03,1,15,Normal
5781,4147,0.16,other,tcp,0.65,0.79,0,304,Attack
87,994,4.59,other,tcp,0.05,0.1,1,12,Normal
2341,3857,0.22,ftp_control,tcp,0.97,0.59,0,325,Attack
9783,3606,0.41,http,tcp,0.8,0.71,0,295,Attack
241,530,1.04,dns,udp,0.05,0.01,1,29,Normal
290,638,3.76,http,tcp,0.05,0.04,0,6,Normal
5510,130,0.85,http,tcp,0.92,0.55,0,203,Attack
162,366,2.67,http,tcp,0.06,0.03,1,14,Normal
1626,1276,0.29,ssh,tcp,0.57,0.53,0,478,Attack
4529,668,0.51,ssh,tcp,0.54,0.86,0,170,Attack
7363,4643,0.07,http,tcp,0.86,0.61,0,288,Attack
466,699,4.52,ftp,udp,0.09,0.01,0,4,Normal
494,109,1.41,http,udp,0.06,0,1,23,Normal
1385,1656,0.51,http,tcp,0.51,0.79,0,491,Attack
168,688,3.67,dns,tcp,0.05,0.08,0,32,Normal
89,468,3.84,other,tcp,0.1,0.06,0,39,Normal
158,391,2.05,other,tcp,0.08,0.06,1,37,Normal
246,601,1.77,ftp,udp,0.08,0.05,1,29,Normal
103,448,4,http,tcp,0.06,0.1,1,30,Normal
239,946,1.45,http,tcp,0.05,0.01,1,3,Normal
386,614,2.45,other,tcp,0.05,0.02,1,1,Normal
262,256,2.55,dns,udp,0.04,0.01,1,13,Normal
3966,3963,0.55,ssh,tcp,0.65,0.74,0,112,Attack
63,980,4.59,http,udp,0.05,0.07,0,22,Normal
6313,2168,0.33,other,udp,0.51,0.58,0,310,Attack
359,792,2.67,ftp,udp,0.02,0.05,0,33,Normal
93,573,2.01,ftp,udp,0.05,0.06,1,5,Normal
7481,3320,0.87,http,tcp,0.73,0.51,0,317,Attack
316,802,3.99,dns,udp,0.05,0.07,1,49,Normal
250,150,1.16,http,tcp,0.09,0.02,1,34,Normal
4804,633,0.65,http,udp,0.66,0.63,0,492,Attack
339,434,2.1,dns,tcp,0.02,0.03,1,30,Normal
1755,128,0.82,other,udp,0.77,0.86,0,441,Attack
321,872,3.06,other,tcp,0.09,0.1,1,38,Normal
310,532,2.07,http,tcp,0.06,0.03,1,4,Normal
1435,1459,0.76,http,tcp,0.73,0.8,0,120,Attack
1394,656,0.58,ftp_control,udp,0.57,0.9,0,320,Attack
158,196,3,ftp,tcp,0.08,0,0,26,Normal
159,441,1.3,http,tcp,0.05,0.08,1,8,Normal
256,583,4.44,http,tcp,0.03,0.03,1,33,Normal
495,545,0.71,http,tcp,0.05,0.04,1,19,Normal
75,3177,0.02,http,udp,0.66,0.65,0,432,Attack
58,898,4.7,dns,tcp,0.1,0.03,0,35,Normal
481,740,1.53,dns,udp,0.03,0.08,0,9,Normal
260,685,4.75,http,tcp,0.07,0.02,0,46,Normal
2287,2450,0.73,ssh,icmp,0.61,0.88,0,433,Attack
447,785,4.72,http,tcp,0.05,0.09,1,10,Normal
224,971,1.95,ftp,udp,0.07,0.1,1,38,Normal
464,363,1.62,other,tcp,0.02,0.01,1,27,Normal
138,152,3.49,ftp,udp,0.03,0.08,0,14,Normal
122,493,3.56,http,tcp,0,0.02,0,2,Normal
257,987,0.84,http,tcp,0.1,0.08,1,14,Normal
3608,2545,0.48,http,udp,0.72,0.66,0,196,Attack
1815,4165,0.05,http,udp,0.56,0.98,0,373,Attack
307,174,1.41,ftp,tcp,0.1,0,1,35,Normal
402,702,4.48,http,tcp,0.01,0.06,0,15,Normal
442,750,3.45,http,tcp,0.01,0.09,0,47,Normal
108,965,1.62,ftp,tcp,0.08,0.09,1,3,Normal
2182,1307,0.24,ssh,icmp,0.57,0.61,0,127,Attack
273,904,3.47,other,tcp,0.04,0.04,1,38,Normal
4268,4007,0.55,other,udp,0.81,0.65,0,118,Attack
429,132,0.78,other,udp,0.09,0.08,1,48,Normal
119,3240,0.58,http,tcp,0.99,0.91,0,349,Attack
344,683,2.26,http,tcp,0.06,0.02,0,5,Normal
8921,1697,0.52,http,tcp,0.75,0.78,0,434,Attack
8125,28,0.92,ftp_control,tcp,0.52,0.79,0,116,Attack
3416,1442,0.57,ssh,udp,0.86,0.93,0,277,Attack
445,598,0.92,other,udp,0.64,0.63,0,159,Attack
874,4757,0.03,other,tcp,0.66,0.5,0,487,Attack
477,495,3.99,http,tcp,0.01,0.08,1,17,Normal
9672,4214,0.69,ssh,tcp,0.87,0.72,0,163,Attack
483,626,4.81,other,udp,0.09,0.05,0,17,Normal
1601,4577,0.24,ssh,tcp,0.5,0.76,0,127,Attack
6564,3338,0.24,ftp_control,tcp,0.67,0.56,0,345,Attack
7334,2424,0.75,other,tcp,0.9,0.6,0,467,Attack
497,278,4.46,dns,tcp,0.06,0.07,1,40,Normal
281,955,0.61,http,tcp,0.03,0.09,1,47,Normal
471,164,1.46,dns,udp,0.05,0,0,3,Normal
204,914,1.81,ftp,udp,0.04,0.07,1,11,Normal
223,757,4.08,ftp,udp,0.08,0.05,0,14,Normal
184,554,1.35,http,tcp,0.03,0.01,0,10,Normal
55,437,2.69,dns,tcp,0.09,0.06,1,40,Normal
296,531,2.73,http,tcp,0.01,0.03,1,8,Normal
220,656,4.74,http,tcp,0.02,0.06,1,15,Normal
9686,2401,0.54,ftp_control,tcp,0.68,0.76,0,234,Attack
368,143,2.13,http,tcp,0.09,0.04,1,1,Normal
7061,530,0.89,http,tcp,0.74,0.78,0,115,Attack
82,929,4.49,http,tcp,0.02,0.07,0,16,Normal
5685,3501,0.82,other,icmp,0.55,0.81,0,175,Attack
486,621,0.91,dns,tcp,0.08,0.08,0,48,Normal
5010,2127,0.44,http,icmp,0.61,0.96,0,168,Attack
366,798,3.43,http,tcp,0.09,0.05,0,12,Normal
7929,2295,0.08,ssh,tcp,0.65,0.54,0,497,Attack
27,747,0.04,ftp_control,udp,0.66,0.96,0,117,Attack
418,691,4.92,dns,tcp,0,0.07,1,7,Normal
7522,3274,0.24,ftp_control,icmp,0.6,0.51,0,411,Attack
84,580,2.65,http,udp,0.06,0.1,1,45,Normal
76,765,3.46,ftp,udp,0.09,0.04,1,15,Normal
5705,4156,0.94,http,tcp,0.91,0.8,0,378,Attack
5102,4719,0.47,http,tcp,0.91,0.65,0,148,Attack
8211,4178,0.2,ssh,tcp,0.55,0.62,0,378,Attack
5869,40,0.64,http,tcp,0.95,0.91,0,458,Attack
58,161,3.71,http,tcp,0.03,0.01,0,9,Normal
139,280,0.78,dns,tcp,0.03,0.08,1,38,Normal
191,3834,0.34,http,udp,0.56,0.72,0,285,Attack
6308,591,1,http,udp,0.72,0.66,0,244,Attack
137,847,4.21,ftp,udp,0.02,0.08,1,33,Normal
427,791,0.69,http,tcp,0.01,0.05,0,27,Normal
449,1719,0.98,ssh,udp,0.94,0.91,0,239,Attack
369,605,0.81,other,tcp,0.07,0.09,0,45,Normal
3741,1372,0.07,other,udp,0.74,0.66,0,141,Attack
6457,2631,0.6,ssh,tcp,0.68,0.95,0,123,Attack
5681,4493,0.25,other,tcp,0.52,0.59,0,201,Attack
362,655,2.19,http,tcp,0.04,0.01,1,2,Normal
455,774,2.06,dns,tcp,0,0.06,0,35,Normal
447,488,4.65,http,tcp,0.09,0.03,0,4,Normal
457,176,4.77,other,tcp,0.1,0.03,0,32,Normal
7220,3306,0.1,ssh,tcp,0.83,0.82,0,120,Attack
1276,1822,0.52,other,tcp,0.84,0.94,0,240,Attack
357,780,2.14,dns,tcp,0.02,0.08,0,15,Normal
6759,3874,0.13,ssh,icmp,0.92,0.57,0,462,Attack
306,654,3.17,http,tcp,0.01,0.04,0,1,Normal
448,590,4.69,other,tcp,0.05,0.01,1,20,Normal
4031,304,0.34,ssh,udp,0.7,0.98,0,135,Attack
297,131,2.11,http,tcp,0.04,0.02,1,19,Normal
358,908,0.8,ftp,udp,0.05,0.06,1,49,Normal
492,175,4.13,http,tcp,0,0.04,1,5,Normal
429,463,1,dns,tcp,0.03,0.09,1,37,Normal
129,202,1.76,http,udp,0.01,0.08,1,38,Normal
6116,3731,0.37,other,udp,1,0.72,0,486,Attack
9067,3867,0.21,http,udp,0.89,0.79,0,425,Attack
4610,242,0.83,ftp_control,udp,0.91,0.63,0,468,Attack
97,808,4.77,dns,udp,0.09,0.08,0,37,Normal
225,196,1.29,http,tcp,0.08,0.09,0,24,Normal
261,106,2.28,http,udp,0.08,0.06,0,16,Normal
312,307,2.76,ftp,tcp,0.04,0.04,1,28,Normal
383,555,4.33,http,tcp,0.07,0.06,1,12,Normal
6109,2865,0.79,ftp_control,tcp,0.82,0.92,0,465,Attack
238,644,3.9,dns,tcp,0.06,0.07,0,26,Normal
6788,915,0.19,other,icmp,0.93,0.81,0,127,Attack
391,186,4.74,dns,udp,0.01,0.02,0,36,Normal
456,653,4.62,dns,udp,0.01,0.05,1,20,Normal
325,364,2.39,other,tcp,0.01,0.05,1,24,Normal
972,3652,0.04,other,tcp,0.58,0.93,0,349,Attack
6954,4205,0.94,http,udp,0.86,0.63,0,194,Attack
3276,3823,0.79,other,tcp,0.92,0.52,0,164,Attack
4688,4282,0.29,ssh,tcp,0.76,0.9,0,490,Attack
454,634,1.11,http,tcp,0.02,0.02,1,43,Normal
117,896,3.54,http,tcp,0.05,0.07,1,12,Normal
413,375,4.87,other,udp,0.03,0.01,1,48,Normal
9353,1118,0.48,ssh,tcp,0.96,0.52,0,282,Attack
5257,2203,0.43,other,icmp,0.98,0.61,0,332,Attack
321,926,4.65,http,udp,0.01,0.07,1,44,Normal
367,924,2.21,ftp,tcp,0.01,0.06,1,10,Normal
113,138,3.84,http,tcp,0.09,0.07,1,41,Normal
424,311,0.67,http,udp,0.1,0.1,0,10,Normal
346,652,2.14,dns,tcp,0.06,0.04,0,15,Normal
1415,4509,0.96,http,udp,0.65,0.63,0,386,Attack
6559,960,0.38,http,tcp,0.58,0.7,0,144,Attack
8550,3314,0.53,http,icmp,0.76,0.55,0,242,Attack
4410,498,0.93,other,icmp,0.6,0.78,0,426,Attack
496,385,0.7,other,tcp,0.06,0.08,1,29,Normal
7902,285,0.05,http,udp,0.66,0.54,0,161,Attack
4013,1461,0.18,other,tcp,0.69,0.67,0,448,Attack
416,315,1.3,http,tcp,0.09,0.04,0,20,Normal
172,556,4.61,ftp,tcp,0.06,0.03,1,4,Normal
7772,4124,0.68,http,tcp,0.59,0.62,0,360,Attack
228,412,2.98,http,udp,0,0.1,1,3,Normal
268,209,1.48,http,tcp,0.04,0.08,0,26,Normal
235,372,1.23,http,udp,0.05,0.01,0,23,Normal
423,858,1.02,http,tcp,0.08,0.01,1,22,Normal
5119,2229,0.5,http,tcp,0.63,0.9,0,236,Attack
167,921,3.66,http,tcp,0.02,0,1,40,Normal
451,474,3.44,http,tcp,0.05,0.08,1,38,Normal
5848,3054,0.94,other,udp,0.77,0.51,0,176,Attack
486,156,3.33,other,udp,0.05,0.04,0,5,Normal
356,855,3.77,other,udp,0.08,0.03,1,16,Normal
267,450,0.98,dns,tcp,0.06,0.03,0,1,Normal
325,693,3.69,http,udp,0.01,0.09,1,41,Normal
231,131,4.49,http,tcp,0.09,0.08,1,24,Normal
9173,2967,0.2,ssh,udp,0.88,0.75,0,477,Attack
4423,3623,0.64,ssh,tcp,0.92,0.67,0,446,Attack
347,207,2.22,dns,tcp,0.03,0.08,0,31,Normal
9127,3021,0.72,ssh,icmp,0.83,0.55,0,215,Attack
288,730,1.86,other,tcp,0,0.07,1,35,Normal
4522,2621,0.11,http,tcp,0.58,0.72,0,290,Attack
474,409,4.35,http,udp,0.06,0.08,0,32,Normal
248,663,0.77,other,tcp,0.07,0.03,0,42,Normal
484,915,3.23,http,tcp,0.04,0.02,1,21,Normal
63,409,4.89,http,tcp,0.06,0.01,0,2,Normal
255,383,3.19,dns,udp,0.05,0.01,1,25,Normal
345,549,3.21,dns,udp,0.05,0.03,0,42,Normal
302,577,1.84,http,tcp,0.04,0.09,0,24,Normal
3338,4197,0.78,http,tcp,0.59,0.59,0,349,Attack
6176,4206,0.61,other,tcp,0.52,0.87,0,436,Attack
5908,736,0.77,other,icmp,0.87,0.68,0,170,Attack
1880,1551,0.84,http,udp,0.83,0.73,0,300,Attack
8437,852,0.2,other,tcp,0.66,0.65,0,429,Attack
7704,476,0.83,ssh,tcp,0.96,0.9,0,294,Attack
6106,4233,0.83,other,tcp,0.68,0.57,0,331,Attack
182,923,0.88,ftp,tcp,0.03,0.01,0,37,Normal
257,427,0.66,dns,udp,0.05,0.07,1,30,Normal
101,636,2.6,http,tcp,0.08,0.02,1,11,Normal
59,426,4.49,ftp,tcp,0.03,0.08,1,13,Normal
203,847,1.36,ftp,tcp,0.04,0.09,1,11,Normal
395,413,1.85,http,tcp,0.07,0.09,1,41,Normal
218,291,3.71,http,tcp,0.02,0.02,1,47,Normal
233,444,1.28,dns,udp,0.08,0.07,1,3,Normal
154,935,1.48,ftp,udp,0.04,0.05,1,39,Normal
4896,1151,0.69,other,udp,0.67,0.87,0,408,Attack
285,843,2.55,dns,tcp,0.04,0.07,0,10,Normal
7144,1209,0.92,http,udp,0.67,0.97,0,415,Attack
2145,2184,0.59,other,tcp,0.6,0.89,0,259,Attack
461,837,3.85,http,tcp,0.09,0.02,1,9,Normal
481,576,0.72,http,tcp,0.06,0.02,1,2,Normal
193,197,2.83,http,tcp,0.01,0.01,1,18,Normal
179,947,4.85,http,tcp,0.07,0.01,0,11,Normal
382,289,4.97,http,tcp,0.05,0.04,1,1,Normal
9268,2468,0.57,http,tcp,0.8,0.98,0,468,Attack
312,195,1.68,ftp,tcp,0.05,0.03,0,31,Normal
6543,2404,0.1,ssh,icmp,0.55,0.98,0,415,Attack
2856,3229,0.69,ssh,icmp,0.89,0.75,0,205,Attack
320,713,0.66,ftp,tcp,0.07,0.06,0,26,Normal
245,897,2.9,other,udp,0.03,0.01,1,40,Normal
318,371,4.07,http,tcp,0.07,0.06,1,32,Normal
68,478,2.51,http,udp,0.05,0.1,1,8,Normal
7090,2459,0.7,other,udp,0.77,0.76,0,134,Attack
8623,3401,0.46,other,tcp,0.99,0.55,0,406,Attack
325,885,0.58,dns,tcp,0.06,0.03,1,7,Normal
111,307,4.25,ftp,udp,0.05,0.06,0,25,Normal
237,658,4.26,http,tcp,0.08,0.1,1,8,Normal
3589,2319,0.25,other,udp,0.52,1,0,378,Attack
84,473,1.01,http,tcp,0.1,0.02,0,38,Normal
529,3905,0.88,ssh,tcp,0.79,0.8,0,294,Attack
121,851,0.96,http,udp,0.07,0,0,19,Normal
4671,865,0.83,ftp_control,udp,0.9,0.85,0,255,Attack
314,180,3.7,http,tcp,0.09,0.08,1,26,Normal
496,863,4.49,ftp,udp,0.03,0.02,0,1,Normal
475,269,2.2,ftp,tcp,0.07,0.06,0,8,Normal
211,557,3.49,http,tcp,0.02,0.1,1,12,Normal
4272,238,0.88,http,udp,0.56,0.87,0,331,Attack
3100,4182,0.8,other,icmp,0.61,0.87,0,177,Attack
276,596,2.39,dns,tcp,0.09,0.06,1,8,Normal
166,560,0.93,dns,tcp,0.09,0.01,1,16,Normal
114,708,2.52,dns,tcp,0.04,0.02,1,40,Normal
6057,2080,0.91,ssh,udp,0.88,0.56,0,215,Attack
223,448,4.24,http,tcp,0.03,0,1,7,Normal
9490,2848,0.09,http,tcp,0.98,0.71,0,413,Attack
341,649,3.83,http,udp,0.09,0.03,1,3,Normal
4582,831,0.28,ssh,tcp,0.5,0.83,0,224,Attack
6117,444,0.69,ftp_control,tcp,0.59,0.82,0,318,Attack
7643,1160,0.2,ssh,icmp,0.96,0.78,0,398,Attack
143,566,3.9,other,tcp,0.05,0.08,1,28,Normal
72,348,2.35,http,tcp,0.05,0.09,1,21,Normal
307,722,1.52,ftp,tcp,0.05,0.04,1,23,Normal
423,722,0.96,http,tcp,0.09,0.09,0,34,Normal
90,606,1.26,http,tcp,0.08,0.07,0,47,Normal
204,644,3.19,other,udp,0.07,0.02,1,40,Normal
1809,3078,0.97,ssh,udp,0.67,0.72,0,369,Attack
496,278,2.2,http,udp,0.02,0.09,1,3,Normal
183,400,2.17,dns,tcp,0.1,0.08,1,18,Normal
132,404,3.82,ftp,tcp,0.01,0.1,0,47,Normal
133,134,2.02,http,udp,0,0.02,0,11,Normal
218,919,4.06,other,tcp,0.09,0.07,0,44,Normal
1767,3888,0.12,ssh,udp,0.73,0.99,0,277,Attack
325,644,2.15,http,tcp,0.07,0.09,1,6,Normal
458,113,2.83,dns,tcp,0.09,0.04,0,24,Normal
463,845,0.98,other,tcp,0.06,0.05,1,37,Normal
9499,3982,0.27,other,tcp,0.84,0.95,0,405,Attack
437,908,4.82,ftp,tcp,0.09,0.04,1,30,Normal
194,387,3.93,http,tcp,0.06,0.07,0,43,Normal
194,653,4.83,http,udp,0.03,0.08,1,27,Normal
436,612,2.09,dns,tcp,0.01,0.04,0,22,Normal
322,925,4.09,http,tcp,0.06,0.09,0,1,Normal
499,544,4.93,http,tcp,0.09,0.05,0,43,Normal
9321,3673,0.06,ftp_control,icmp,0.86,0.84,0,123,Attack
157,670,1.72,dns,tcp,0.05,0.07,1,13,Normal
9913,767,0.73,other,tcp,0.89,0.74,0,347,Attack
392,183,1.49,dns,tcp,0,0.02,1,26,Normal
2890,2697,0.39,ssh,tcp,0.71,0.52,0,199,Attack
394,996,1.19,ftp,tcp,0.08,0.1,1,33,Normal
3373,4711,0.39,ssh,udp,0.98,0.86,0,112,Attack
436,530,1.22,dns,udp,0.09,0.03,1,48,Normal
360,319,2.42,http,tcp,0.06,0,0,39,Normal
72,615,4.06,ftp,tcp,0.1,0.02,1,3,Normal
3197,4907,0.72,ssh,icmp,0.8,0.7,0,301,Attack
3618,3195,0.09,ssh,tcp,0.94,0.95,0,495,Attack
5164,3120,0.46,ssh,icmp,0.59,0.82,0,146,Attack
112,131,2.19,ftp,tcp,0.06,0.02,1,44,Normal
220,480,3.52,http,tcp,0.03,0.06,0,33,Normal
3818,564,0.82,ssh,udp,0.56,0.82,0,131,Attack
237,808,2.64,http,udp,0.03,0.08,1,47,Normal
9279,1033,0.16,http,tcp,0.97,0.93,0,108,Attack
337,103,3.57,http,tcp,0.01,0.1,0,24,Normal
387,693,0.84,http,udp,0.07,0.02,1,18,Normal
465,861,0.57,ftp,tcp,0.03,0.08,0,33,Normal
6658,4759,0.91,other,tcp,0.73,0.62,0,341,Attack
211,252,0.74,http,tcp,0.03,0.05,1,11,Normal
421,685,2.48,ftp,tcp,0.05,0.03,1,44,Normal
4283,3674,0.72,http,tcp,0.81,0.81,0,314,Attack
600,366,0.37,other,tcp,0.78,0.78,0,101,Attack
5060,1613,0.14,other,tcp,0.88,0.95,0,384,Attack
80,268,4.8,other,tcp,0.07,0,1,36,Normal
503,3635,0.1,ssh,tcp,0.99,0.55,0,397,Attack
687,4577,0.03,ftp_control,icmp,0.97,0.88,0,354,Attack
412,157,2.57,dns,tcp,0.1,0.07,0,37,Normal
3395,3757,0.62,ssh,icmp,0.66,0.57,0,212,Attack
6709,3128,0.99,ssh,icmp,0.83,0.73,0,260,Attack
65,476,4.66,dns,tcp,0.04,0.06,1,19,Normal
7393,809,0.42,other,udp,0.82,0.73,0,304,Attack
8572,3242,0.45,ssh,icmp,0.61,0.55,0,329,Attack
5807,859,1,http,icmp,0.71,0.93,0,176,Attack
382,127,3.08,http,udp,0.04,0.05,1,13,Normal
2821,950,0.01,ssh,icmp,0.51,0.69,0,280,Attack
121,976,3.32,http,tcp,0.05,0.01,0,38,Normal
2590,2852,0.65,other,icmp,0.81,0.86,0,326,Attack
118,811,3.56,http,tcp,0.02,0,1,10,Normal
486,407,0.52,http,tcp,0,0.02,1,46,Normal
453,822,4.68,http,tcp,0.01,0.04,0,48,Normal
162,256,4.64,ftp,udp,0.04,0.1,0,1,Normal
139,718,4.04,http,tcp,0.03,0.06,1,31,Normal
102,325,0.31,other,udp,0.92,0.81,0,179,Attack
7384,2094,0.53,http,icmp,0.86,0.73,0,369,Attack
405,379,3.65,dns,udp,0.02,0.04,1,17,Normal
246,937,4.2,dns,udp,0.04,0.08,0,33,Normal
186,569,3.82,http,udp,0.09,0.04,0,8,Normal
7036,2629,0.04,ftp_control,tcp,0.53,0.85,0,267,Attack
477,630,1.6,ftp,tcp,0.04,0.02,0,16,Normal
2995,2092,0.46,http,udp,0.77,0.91,0,408,Attack
127,434,4.64,dns,udp,0.01,0.1,1,17,Normal
135,172,4.33,ftp,udp,0,0.01,1,43,Normal
408,281,1.47,other,tcp,0.03,0.06,1,37,Normal
3496,569,0.09,http,icmp,0.82,0.74,0,486,Attack
7186,281,0.69,other,udp,0.81,0.58,0,113,Attack
415,662,0.5,http,tcp,0.06,0.02,0,13,Normal
159,576,3.17,ftp,tcp,0.04,0.08,1,4,Normal
394,629,2.14,http,tcp,0.02,0.05,1,14,Normal
5457,2719,0.7,other,tcp,0.68,0.69,0,174,Attack
147,368,1.86,http,tcp,0.03,0.05,1,14,Normal
7376,3992,0.49,http,udp,0.93,0.72,0,342,Attack
128,273,1.55,other,tcp,0.04,0.09,1,13,Normal
439,926,1.17,http,udp,0.05,0.1,1,45,Normal
237,103,1.83,http,tcp,0.04,0.02,1,37,Normal
183,753,3.31,ftp,udp,0.09,0.07,0,23,Normal
428,976,4.39,ftp,udp,0.02,0.02,1,1,Normal
255,676,2.23,ftp,tcp,0.08,0.09,0,9,Normal
499,490,4.53,dns,tcp,0.05,0.1,1,16,Normal
687,2974,0.46,http,udp,0.65,0.54,0,448,Attack
458,675,3.16,ftp,tcp,0.04,0.09,0,14,Normal
420,242,4.11,http,udp,0.04,0.02,1,11,Normal
2182,4144,0.86,ftp_control,icmp,0.81,0.88,0,190,Attack
413,385,4.21,http,tcp,0.09,0.01,0,1,Normal
9223,503,0.86,other,udp,0.7,0.6,0,474,Attack
204,673,1.56,http,udp,0.08,0.07,1,41,Normal
412,460,3.87,other,tcp,0.02,0.01,1,46,Normal
76,225,0.68,http,tcp,0.06,0.08,1,49,Normal
457,488,4.78,ftp,udp,0.04,0.07,1,11,Normal
499,106,4.56,dns,udp,0.07,0.07,1,41,Normal
2242,1366,0.36,other,tcp,0.98,0.87,0,144,Attack
1283,3649,0.84,ssh,tcp,0.68,0.53,0,273,Attack
340,370,1.34,http,tcp,0.09,0.02,1,39,Normal
425,794,2.29,ftp,udp,0.08,0.05,1,19,Normal
836,4779,0.13,ssh,udp,0.65,0.84,0,297,Attack
318,905,4.18,dns,tcp,0.02,0.06,1,24,Normal
7958,454,0.62,ssh,udp,0.96,0.79,0,495,Attack
963,4351,0.33,http,udp,0.72,0.68,0,415,Attack
488,682,2.77,http,tcp,0.02,0.01,0,27,Normal
423,161,3.79,dns,tcp,0.06,0.04,1,33,Normal
498,627,2.56,http,tcp,0.07,0.01,0,23,Normal
482,672,1.37,http,tcp,0.04,0.04,1,49,Normal
275,182,3.71,http,udp,0.03,0.02,1,11,Normal
6646,3219,0.87,ssh,tcp,0.89,0.93,0,121,Attack
262,1767,0.41,ftp_control,udp,0.67,0.83,0,114,Attack
57,563,3.18,dns,udp,0.01,0.05,1,47,Normal
190,579,1.31,ftp,tcp,0.06,0.04,1,3,Normal
361,2801,0.26,ssh,tcp,0.51,0.83,0,118,Attack
364,540,0.66,dns,tcp,0.06,0.05,1,25,Normal
231,624,4.95,http,tcp,0.09,0.09,0,12,Normal
217,544,4.04,ftp,udp,0.05,0.06,1,28,Normal
226,799,2.92,ftp,udp,0.09,0.02,1,31,Normal
488,632,0.86,ftp,tcp,0.05,0.07,0,23,Normal
426,486,1.12,ftp,udp,0,0.08,1,28,Normal
260,747,4.08,dns,udp,0.07,0.05,1,12,Normal
6329,4856,0.27,ssh,tcp,0.75,0.96,0,235,Attack
115,350,2.25,other,tcp,0.03,0.06,1,46,Normal
5404,480,0.61,http,udp,0.88,0.94,0,161,Attack
2583,3216,0.63,ftp_control,tcp,0.94,0.9,0,402,Attack
244,222,3.24,http,tcp,0.04,0.07,1,5,Normal
8651,3050,0.21,ftp_control,tcp,0.8,0.82,0,184,Attack
344,967,1.16,http,tcp,0.08,0.08,1,15,Normal
254,458,2.21,other,tcp,0.09,0.07,1,29,Normal
159,184,0.58,http,tcp,0.03,0.03,1,26,Normal
5420,520,0.2,other,tcp,0.91,0.91,0,406,Attack
160,704,4.83,other,tcp,0.09,0.1,0,47,Normal
160,903,3.6,dns,tcp,0.04,0.03,0,25,Normal
440,583,3.99,other,tcp,0.05,0.01,1,10,Normal
241,2251,0.94,other,tcp,0.64,0.56,0,105,Attack
248,596,4.05,ftp,tcp,0.1,0.01,0,13,Normal
5589,3709,0.82,other,tcp,0.72,0.6,0,123,Attack
2592,1456,0.33,http,icmp,0.53,0.67,0,163,Attack
2598,2350,0.55,ssh,tcp,0.87,0.87,0,413,Attack
357,344,0.73,other,tcp,0.05,0.08,0,30,Normal
55,656,3.52,dns,tcp,0.09,0.03,1,42,Normal
248,895,4.42,dns,udp,0.03,0.08,1,23,Normal
5996,229,0.86,ssh,tcp,0.83,0.69,0,359,Attack
664,4707,0.14,ssh,icmp,0.53,0.72,0,391,Attack
119,783,4.46,http,tcp,0.05,0.01,1,32,Normal
414,968,3.87,dns,tcp,0.07,0.04,1,2,Normal
450,498,4.79,http,tcp,0.06,0.07,0,7,Normal
289,839,1.58,other,tcp,0.04,0.06,1,25,Normal
6952,1358,0.06,other,tcp,0.95,0.74,0,382,Attack
176,439,1.67,other,tcp,0.01,0.04,1,22,Normal
216,535,4.85,dns,tcp,0.03,0,1,33,Normal
354,370,2.56,http,tcp,0.02,0.03,1,40,Normal
81,854,3.93,other,tcp,0.07,0.03,0,6,Normal
194,929,0.55,http,tcp,0.05,0.03,1,49,Normal
4944,154,0.68,http,tcp,0.98,0.95,0,165,Attack
344,118,2.59,other,tcp,0.04,0.06,1,28,Normal
347,313,4.05,dns,tcp,0.09,0.09,1,5,Normal
119,123,4.5,ftp,udp,0.01,0.08,0,40,Normal
341,598,4.36,http,tcp,0,0.1,0,48,Normal
435,765,4.01,http,tcp,0.06,0,1,45,Normal
2194,2301,0.33,ssh,icmp,0.51,0.63,0,499,Attack
229,338,2.79,other,tcp,0.02,0.05,1,36,Normal
2907,3466,0.13,ssh,icmp,0.97,0.79,0,112,Attack
172,272,2.05,dns,udp,0.09,0.01,1,44,Normal
1082,651,0.62,other,udp,0.65,0.86,0,320,Attack
9935,965,0.53,ssh,udp,0.68,0.6,0,470,Attack
477,276,3.03,dns,tcp,0.01,0.01,1,39,Normal
158,903,1.78,http,udp,0,0.03,1,35,Normal
183,996,3.2,other,udp,0.04,0.09,1,1,Normal
380,925,4.19,http,tcp,0.07,0.03,0,25,Normal
8815,2740,0.52,other,icmp,0.5,0.52,0,152,Attack
9533,4567,0.99,ssh,udp,0.66,0.62,0,479,Attack
8365,2031,0.56,other,tcp,0.82,0.91,0,399,Attack
7795,4029,0.86,http,udp,0.79,0.85,0,342,Attack
5846,865,0.51,http,icmp,0.54,0.89,0,461,Attack
1262,1245,0.63,ftp_control,tcp,0.72,0.89,0,482,Attack
71,543,0.59,ftp,tcp,0.08,0.01,0,22,Normal
211,338,4.8,other,tcp,0.07,0,0,39,Normal
5579,400,0.1,http,udp,0.97,0.64,0,320,Attack
312,578,1.42,http,tcp,0.07,0.02,1,32,Normal
2357,2789,0.58,http,tcp,0.8,0.88,0,469,Attack
379,271,1.86,http,udp,0.04,0.09,0,4,Normal
257,213,2.06,ftp,tcp,0,0.08,1,47,Normal
4017,854,0.9,http,tcp,0.58,0.82,0,181,Attack
139,563,3.95,dns,tcp,0.03,0.09,1,36,Normal
419,554,4.25,other,tcp,0.1,0.04,0,29,Normal
253,311,2.59,ftp,udp,0.05,0.08,1,27,Normal
9672,3316,0.21,ssh,icmp,0.98,0.92,0,118,Attack
7878,1964,0.98,http,tcp,0.66,0.91,0,302,Attack
1896,4715,0.29,ftp_control,icmp,0.84,0.96,0,280,Attack
453,685,3.36,dns,tcp,0.01,0.09,0,40,Normal
102,455,1.95,other,tcp,0.07,0.08,0,9,Normal
8913,530,0.23,ssh,tcp,0.87,0.51,0,180,Attack
347,712,0.83,dns,udp,0.01,0.02,1,46,Normal
7522,4715,0.01,ssh,tcp,0.96,0.89,0,325,Attack
7795,931,0.32,ssh,udp,0.68,0.72,0,235,Attack
7537,4723,0.88,ssh,tcp,0.6,0.75,0,337,Attack
96,135,1.68,ftp,tcp,0.01,0.09,1,12,Normal
163,329,1.89,http,tcp,0.07,0.05,1,20,Normal
71,625,1.4,dns,udp,0.06,0.05,1,27,Normal
213,598,4.99,other,tcp,0.07,0.07,1,37,Normal
499,282,1.5,http,udp,0.03,0.08,1,48,Normal
408,161,4.93,dns,udp,0.06,0.09,0,3,Normal
7375,2829,0.8,http,tcp,0.89,0.57,0,216,Attack
6568,1976,0.32,other,icmp,0.91,0.76,0,202,Attack
229,668,2.31,ftp,tcp,0.05,0.09,1,24,Normal
3371,2652,0.55,ftp_control,udp,0.78,0.53,0,304,Attack
365,447,0.66,other,tcp,0.09,0.04,1,43,Normal
3663,2048,0.71,http,tcp,0.87,0.65,0,218,Attack
311,927,2.12,http,udp,0.08,0.08,1,19,Normal
5462,4780,0.58,http,udp,0.77,1,0,397,Attack
141,838,2.82,ftp,udp,0,0.03,1,29,Normal
3108,1580,0.82,http,tcp,0.99,0.54,0,279,Attack
6939,2609,0.89,ssh,tcp,0.62,0.54,0,456,Attack
58,960,1.47,http,tcp,0.05,0.05,1,21,Normal
286,820,3.12,http,tcp,0.03,0.01,1,2,Normal
140,817,4.58,dns,udp,0.03,0.03,1,14,Normal
105,565,4.49,http,udp,0,0.03,1,49,Normal
1507,161,0.73,ssh,tcp,0.79,0.84,0,118,Attack
920,4740,0.47,http,tcp,0.96,0.6,0,274,Attack
2528,3023,0.05,other,tcp,0.6,0.99,0,140,Attack
348,134,3.65,other,tcp,0.05,0.02,1,12,Normal
5195,1533,0.05,other,icmp,0.57,0.98,0,418,Attack
7527,83,0.28,ssh,udp,0.97,0.57,0,224,Attack
324,630,3.03,dns,tcp,0.03,0.08,1,30,Normal
7150,206,0.69,other,udp,0.87,0.68,0,165,Attack
277,425,4.55,ftp,tcp,0.04,0.02,1,15,Normal
491,384,4.55,http,tcp,0.02,0.03,1,25,Normal
4096,792,0.37,http,tcp,0.77,0.88,0,211,Attack
8275,2029,0.27,http,icmp,0.74,0.61,0,203,Attack
228,539,0.9,other,udp,0.04,0.07,0,15,Normal
401,256,2.52,other,udp,0.1,0.01,1,36,Normal
1954,329,0.04,http,icmp,0.82,0.81,0,461,Attack
221,196,1.54,other,tcp,0.09,0.07,0,3,Normal
481,976,3.73,http,udp,0.1,0.05,1,19,Normal
304,969,1.42,other,tcp,0.05,0.07,1,35,Normal
490,507,0.73,other,tcp,0,0.08,1,47,Normal
415,752,0.95,http,tcp,0.07,0.04,1,30,Normal
200,913,3.45,other,udp,0.02,0.04,1,44,Normal
432,681,2.62,ftp,tcp,0.1,0.06,0,26,Normal
419,3747,0.08,http,tcp,0.74,0.55,0,208,Attack
328,332,1.31,dns,tcp,0.04,0.01,1,33,Normal
3221,3694,0.72,ftp_control,udp,0.61,0.8,0,231,Attack
413,566,2.39,http,tcp,0.05,0.06,0,1,Normal
1184,4631,0.77,other,icmp,0.9,0.93,0,137,Attack
62,262,1.8,other,udp,0.08,0.04,1,44,Normal
101,910,1.42,http,tcp,0.02,0.06,1,31,Normal
7634,1370,0.34,http,icmp,0.61,0.87,0,371,Attack
216,331,3.8,other,tcp,0.01,0.04,1,41,Normal
178,521,1.74,other,tcp,0.05,0.07,1,16,Normal
60,988,4.17,http,tcp,0.04,0.05,1,36,Normal
149,313,1.66,http,tcp,0.02,0.02,1,17,Normal
9502,3981,0.67,ssh,icmp,0.77,0.96,0,495,Attack
379,640,3.17,http,tcp,0.08,0.02,1,41,Normal
1157,4376,0.34,ssh,tcp,0.9,0.5,0,106,Attack
6743,3089,0.27,ssh,udp,0.76,0.55,0,396,Attack
96,593,1.83,http,tcp,0.04,0.06,0,23,Normal
304,762,1.72,http,tcp,0.02,0.07,0,19,Normal
182,1814,0.59,http,tcp,1,0.84,0,110,Attack
340,766,4.87,dns,tcp,0.04,0.02,0,40,Normal
4112,3020,0.9,ssh,tcp,0.75,0.73,0,225,Attack
318,168,2.6,dns,tcp,0.04,0.03,1,12,Normal
7732,2808,0.51,http,tcp,0.64,0.96,0,124,Attack
344,922,0.92,dns,tcp,0.06,0.02,1,15,Normal
195,866,3.58,ftp,udp,0.01,0.01,0,24,Normal
146,914,2.57,other,udp,0.01,0.03,0,32,Normal
416,607,0.93,http,tcp,0.05,0.04,1,6,Normal
238,819,0.9,dns,udp,0.03,0.05,1,6,Normal
7075,4679,0.63,http,icmp,0.94,0.67,0,160,Attack
202,733,2.74,http,tcp,0.02,0.05,1,19,Normal
9082,2934,0.97,http,udp,0.66,0.57,0,143,Attack
678,4259,0.98,other,tcp,0.93,0.63,0,391,Attack
5963,3645,0.85,http,udp,0.9,0.83,0,420,Attack
220,581,1.32,other,tcp,0.01,0,0,49,Normal
7747,2647,0.68,other,icmp,0.62,0.81,0,232,Attack
478,982,0.91,ftp,tcp,0.1,0.01,1,30,Normal
367,219,0.6,dns,udp,0.06,0.07,1,13,Normal
4028,3639,0.52,other,tcp,0.51,0.77,0,477,Attack
139,150,4.55,ftp,udp,0.03,0.01,1,39,Normal
369,169,2.69,other,tcp,0.07,0.02,1,47,Normal
369,683,0.58,ftp,tcp,0.1,0.08,1,18,Normal
2537,1385,0.59,other,tcp,0.69,0.56,0,119,Attack
485,521,4.24,http,tcp,0.06,0.02,1,35,Normal
181,152,2.49,dns,tcp,0.03,0.09,1,40,Normal
1909,2869,0.29,other,udp,0.9,0.68,0,385,Attack
78,943,1.35,http,tcp,0.08,0.06,0,45,Normal
2712,2191,0.47,other,tcp,0.76,0.67,0,426,Attack
383,575,3.01,http,tcp,0.08,0.08,0,19,Normal
387,126,2.57,other,tcp,0.05,0.04,1,25,Normal
384,802,4.46,ftp,tcp,0.06,0.04,1,14,Normal
52,983,1.37,http,tcp,0.04,0.03,1,9,Normal
5130,4624,0.88,http,udp,0.86,0.5,0,117,Attack
442,581,4.19,ftp,tcp,0.02,0,0,20,Normal
203,116,1.44,http,tcp,0.05,0.01,0,32,Normal
8684,76,0.85,ssh,icmp,0.56,0.88,0,201,Attack
235,519,4.73,other,tcp,0.04,0.01,0,9,Normal
198,924,2.37,ftp,tcp,0.08,0,1,22,Normal
9638,3398,0.74,ssh,udp,0.57,0.72,0,425,Attack
217,920,3.65,ftp,tcp,0.06,0.08,0,3,Normal
183,407,0.78,http,tcp,0.01,0.01,1,14,Normal
616,2192,0.82,ssh,udp,0.84,0.78,0,409,Attack
8353,100,0.79,ssh,icmp,0.7,0.52,0,222,Attack
454,759,3.59,dns,udp,0.05,0.1,1,30,Normal
9633,2382,0.85,other,udp,0.52,0.62,0,178,Attack
7388,4435,0.96,ssh,tcp,0.6,0.94,0,190,Attack
468,843,4.08,dns,tcp,0.09,0.01,1,12,Normal
236,503,2.58,dns,tcp,0.08,0.09,1,47,Normal
5170,4941,0.47,other,tcp,0.9,0.59,0,427,Attack
727,746,0.18,other,tcp,0.51,0.75,0,381,Attack
211,600,1.3,http,tcp,0.1,0.07,0,39,Normal
255,101,3.08,http,tcp,0.09,0.02,1,7,Normal
410,982,1.89,other,tcp,0.03,0.07,1,26,Normal
184,869,2.89,dns,tcp,0.04,0.04,0,39,Normal
3536,4186,0.26,http,tcp,0.75,0.83,0,496,Attack
167,1851,0.15,ssh,icmp,0.72,0.58,0,299,Attack
139,862,2.08,dns,udp,0.02,0.02,0,14,Normal
829,16,0.72,ssh,tcp,0.74,0.78,0,455,Attack
367,619,3.06,ftp,tcp,0.07,0.05,1,27,Normal
275,893,4.33,other,udp,0.07,0.09,1,45,Normal
262,715,2.38,http,tcp,0,0.06,1,25,Normal
248,482,1.31,dns,tcp,0.09,0.09,1,28,Normal
4801,1647,0.93,other,tcp,0.91,0.56,0,331,Attack
450,333,0.64,ftp,udp,0.09,0.03,1,34,Normal
258,159,1.36,ftp,tcp,0.06,0.02,1,7,Normal
472,935,0.75,dns,tcp,0.02,0.08,1,14,Normal
5415,3219,0.37,ssh,udp,0.92,0.58,0,107,Attack
482,545,2.94,http,tcp,0.09,0.03,1,44,Normal
9495,3590,0.17,ftp_control,udp,0.94,0.63,0,288,Attack
7603,2804,0.96,other,udp,0.98,0.71,0,400,Attack
144,209,1.79,http,udp,0.1,0.1,1,44,Normal
462,702,4.37,http,tcp,0.05,0.03,1,49,Normal
3076,3366,0.55,http,tcp,0.86,0.88,0,123,Attack
163,317,0.76,http,tcp,0.05,0.06,0,16,Normal
443,754,3.98,other,tcp,0.02,0,1,6,Normal
93,496,3.82,http,udp,0.09,0,1,33,Normal
118,843,2.48,dns,tcp,0.05,0.07,1,22,Normal
7590,609,0.15,http,udp,0.98,0.88,0,154,Attack
194,682,3.63,ftp,tcp,0.02,0.01,1,12,Normal
354,411,1.01,other,tcp,0.01,0.07,0,35,Normal
347,672,1.27,dns,tcp,0.08,0.09,0,28,Normal
285,235,1.15,dns,tcp,0.09,0.07,1,49,Normal
72,508,0.83,ftp,tcp,0.04,0.03,0,41,Normal
413,959,1.56,http,tcp,0.05,0.07,1,7,Normal
61,652,4.07,dns,tcp,0.03,0.03,1,12,Normal
311,696,4.87,dns,udp,0.03,0.02,1,47,Normal
8677,1651,0.1,other,udp,0.6,0.62,0,464,Attack
157,456,1.01,dns,tcp,0.08,0.03,1,32,Normal
5196,494,0.56,ssh,tcp,0.51,0.63,0,273,Attack
1864,2405,0.88,http,icmp,0.7,0.56,0,346,Attack
5085,3378,0.96,http,tcp,0.5,0.85,0,169,Attack
368,572,4.92,dns,udp,0.06,0.02,1,13,Normal
447,407,2.76,ftp,tcp,0.08,0.03,0,12,Normal
260,664,0.57,other,tcp,0.09,0.1,1,8,Normal
183,642,1.77,dns,tcp,0.09,0.01,1,17,Normal
271,862,4.09,http,tcp,0.04,0,0,15,Normal
147,174,3.15,ftp,tcp,0.06,0.04,0,26,Normal
323,361,4.96,http,tcp,0.1,0.06,1,18,Normal
406,281,0.52,other,tcp,0.01,0.06,0,15,Normal
7970,1851,0.42,ssh,icmp,0.79,0.55,0,101,Attack
6751,2930,0.83,other,tcp,0.87,0.57,0,347,Attack
2002,1378,0.48,ssh,icmp,0.63,0.6,0,372,Attack
481,919,3.64,http,tcp,0.02,0.05,0,36,Normal
2878,4119,0.83,ssh,icmp,0.51,0.7,0,410,Attack
480,105,3.51,dns,tcp,0.05,0.1,0,45,Normal
341,120,3.16,dns,tcp,0.04,0,1,49,Normal
2304,436,0.61,ftp_control,icmp,0.81,0.69,0,286,Attack
1942,4573,0.35,http,icmp,0.84,0.86,0,470,Attack
403,117,4.35,dns,udp,0.03,0.08,1,37,Normal
2126,4906,0.41,ssh,udp,0.97,0.93,0,367,Attack
753,3432,0.51,ssh,icmp,0.98,0.94,0,304,Attack
5869,2319,0.8,ftp_control,tcp,0.86,0.92,0,135,Attack
309,681,4.48,ftp,tcp,0.06,0.06,1,19,Normal
337,293,3.05,other,tcp,0.09,0,0,43,Normal
88,303,0.84,dns,tcp,0,0.09,0,40,Normal
3759,4250,0.54,other,tcp,0.61,0.83,0,469,Attack
155,398,0.57,http,tcp,0.08,0.09,1,11,Normal
4990,4841,0.5,other,tcp,0.86,0.64,0,326,Attack
434,902,2.44,dns,tcp,0.03,0.06,0,42,Normal
314,494,1.74,http,udp,0.01,0.07,1,39,Normal
1244,2365,0.85,ssh,tcp,0.87,0.74,0,478,Attack
395,859,2.61,ftp,tcp,0.04,0.07,0,8,Normal
5917,4689,0.72,other,udp,0.92,0.62,0,308,Attack
201,101,4.52,ftp,udp,0.07,0.04,0,39,Normal
5973,1936,0.5,ftp_control,tcp,0.84,0.98,0,384,Attack
9429,29,0.2,other,tcp,0.81,0.62,0,208,Attack
5139,4584,0.6,http,tcp,0.58,0.74,0,450,Attack
4764,4063,0.32,other,icmp,0.82,0.95,0,470,Attack
201,706,4.09,http,udp,0.02,0.07,0,33,Normal
82,154,2.03,dns,tcp,0.01,0.04,1,20,Normal
94,659,0.78,http,udp,0.01,0.08,1,19,Normal
6127,1267,0.22,other,udp,0.55,0.98,0,237,Attack
754,3267,0.53,http,udp,0.61,0.94,0,104,Attack
9365,2342,0.76,ftp_control,tcp,0.61,0.57,0,359,Attack
7471,3130,1,ssh,tcp,0.7,0.82,0,490,Attack
50,994,1.07,ftp,tcp,0.03,0.02,1,14,Normal
364,409,2.17,dns,tcp,0.07,0.09,1,6,Normal
9590,3279,0.34,ssh,udp,0.71,0.57,0,201,Attack
4077,3411,0.95,ssh,tcp,0.62,0.52,0,452,Attack
321,343,3.39,http,udp,0.05,0.09,0,15,Normal
192,688,3.12,other,tcp,0.01,0.01,0,47,Normal
9310,2084,0.63,other,tcp,0.74,0.72,0,380,Attack
6997,4337,0.92,ssh,tcp,0.52,0.62,0,273,Attack
301,445,4.05,ftp,tcp,0.07,0.09,1,41,Normal
5046,4525,0.99,http,udp,0.79,0.7,0,481,Attack
241,678,4.21,http,tcp,0.09,0.04,0,1,Normal
432,154,4.82,http,udp,0.07,0.07,1,4,Normal
259,117,4.98,dns,tcp,0.08,0.03,0,25,Normal
296,683,2.4,http,udp,0.04,0.06,1,41,Normal
209,621,3.78,http,tcp,0.02,0.03,1,11,Normal
1787,238,0.29,other,tcp,0.99,0.91,0,417,Attack
53,131,1.57,http,tcp,0.1,0.03,1,46,Normal
330,337,4.55,other,tcp,0.09,0.08,0,21,Normal
443,180,1.73,http,tcp,0.01,0.07,1,31,Normal
225,520,3.94,dns,tcp,0.03,0.03,1,27,Normal
450,763,4.13,http,tcp,0.06,0,1,33,Normal
2510,2522,0.63,http,udp,0.58,0.63,0,447,Attack
293,713,4.8,ftp,udp,0,0.06,0,16,Normal
407,426,2.6,http,udp,0.09,0.05,1,9,Normal
4407,2891,0.9,http,tcp,0.92,0.6,0,398,Attack
263,219,4.19,dns,tcp,0.1,0.09,1,15,Normal
3369,3488,0.42,ssh,udp,0.77,0.94,0,445,Attack
